time,_pika_interface_velocity_max,_pika_interface_velocity_min,grad_T_y,k_x_eff,k_y_eff,temperature
30,3.0823036743125e-07,-4.8896545330284e-07,250,1.2676372620076,1.1997277828053,263.15
60,3.0799823064065e-07,-3.4491314281206e-07,250,1.248148476183,1.1985498490184,263.15
90,3.1606577932237e-07,-3.0313846414161e-07,250,1.2481611050095,1.1985744217779,263.15
120,3.2044533266193e-07,-2.9981679207458e-07,250,1.2481762297891,1.1985997227317,263.15
150,3.2330621177348e-07,-2.9749565910391e-07,250,1.2481913762239,1.1986242652486,263.15
180,3.2535344334855e-07,-2.9430579903984e-07,250,1.2482062107882,1.198647941343,263.15
210,3.2690897180671e-07,-2.9094285132741e-07,250,1.2482206559922,1.1986707764754,263.15
240,3.2813208525923e-07,-2.8762952193047e-07,250,1.2482347233742,1.1986926313283,263.15
270,3.2911177956711e-07,-2.8444537530764e-07,250,1.2482483885851,1.1987133480398,263.15
300,3.2990395322107e-07,-2.814167566352e-07,250,1.2482616992793,1.1987331324133,263.15
330,3.3054701245692e-07,-2.7854812836806e-07,250,1.2482745033535,1.1987519338519,263.15
360,3.3106904632138e-07,-2.7948163415375e-07,250,1.248286856036,1.1987698801337,263.15
390,3.3149148382433e-07,-2.8022252497962e-07,250,1.2482988313735,1.1987876277398,263.15
420,3.3183114704514e-07,-2.8075618712271e-07,250,1.2483104841243,1.1988052383516,263.15
450,3.3210150462002e-07,-2.8110748535299e-07,250,1.2483218369465,1.1988224534768,263.15
480,3.3231347579198e-07,-2.8129860028697e-07,250,1.2483328940576,1.1988393672558,263.15
510,3.3247603953881e-07,-2.8134919979511e-07,250,1.2483436776748,1.1988560419237,263.15
540,3.3259661917926e-07,-2.812766681068e-07,250,1.2483541531296,1.1988723289989,263.15
570,3.326813895431e-07,-2.8279891149933e-07,250,1.2483643514556,1.1988883702242,263.15
600,3.3273551585711e-07,-2.8405448781558e-07,250,1.2483743500323,1.1989043693199,263.15
630,3.3276334148511e-07,-2.8504993140671e-07,250,1.2483841352917,1.1989195387675,263.15
660,3.3276854002645e-07,-2.858214757157e-07,250,1.2483936700257,1.198933949674,263.15
690,3.3275422632184e-07,-2.8640021900339e-07,250,1.2484027558966,1.1989473841165,263.15
720,3.3272304562393e-07,-2.8681283967638e-07,250,1.2484116182405,1.1989598324157,263.15
750,3.3267725460211e-07,-2.9000315356102e-07,250,1.2484200890486,1.1989711955878,263.15
780,3.326187865661e-07,-2.9299725584723e-07,250,1.2484283615954,1.1989814315642,263.15
810,3.3254930047978e-07,-2.947930357342e-07,250,1.2484361639757,1.1989905711174,263.15
840,3.3247022539724e-07,-2.9601120684094e-07,250,1.2484435050977,1.1989987010104,263.15
870,3.323827989429e-07,-2.9689082270559e-07,250,1.2484504397257,1.1990055655271,263.15
900,3.3228809315747e-07,-2.9754346371061e-07,250,1.2484569111855,1.1990111360354,263.15
930,3.3218703780419e-07,-2.9802866056386e-07,250,1.2484628734243,1.1990153591861,263.15
960,3.3208045890693e-07,-2.9838155397124e-07,250,1.2484684116538,1.1990187693285,263.15
990,3.319690760403e-07,-2.9862464874112e-07,250,1.2484735124286,1.1990217686394,263.15
1020,3.318535134044e-07,-2.9877337435014e-07,250,1.2484780900982,1.1990234066741,263.15
1050,3.317343210573e-07,-2.9910889165876e-07,250,1.2484822268959,1.1990237601015,263.15
1080,3.3161197952545e-07,-3.0007057745862e-07,250,1.2484858958997,1.1990230538382,263.15
1110,3.3148690906583e-07,-3.0099578502925e-07,250,1.2484891897527,1.1990217144451,263.15
1140,3.3135948185455e-07,-3.018852833033e-07,250,1.2484921827751,1.1990223297154,263.15
1170,3.3123002760106e-07,-3.027397222325e-07,250,1.2484947877776,1.1990234918829,263.15
1200,3.3109883835296e-07,-3.0355963277396e-07,250,1.2484968650245,1.1990240377776,263.15
1230,3.3096617709841e-07,-3.0434542667068e-07,250,1.2484984528832,1.1990234750584,263.15
1260,3.3083227323496e-07,-3.0509739438807e-07,250,1.2484995549798,1.1990216457698,263.15
1290,3.3069732849288e-07,-3.0581570299485e-07,250,1.248500226495,1.1990188865463,263.15
1320,3.305615225012e-07,-3.0650039150055e-07,250,1.2485004450647,1.1990159085443,263.15
1350,3.304250150575e-07,-3.0715136507083e-07,250,1.248500186009,1.1990121679288,263.15
1380,3.3028794809635e-07,-3.077683874896e-07,250,1.2484993741956,1.1990073039429,263.15
1410,3.3015044361422e-07,-3.0835107163041e-07,250,1.248498187374,1.1990016863656,263.15
1440,3.3001260707181e-07,-3.088988676449e-07,250,1.2484965862906,1.1989966894927,263.15
1470,3.2987454500288e-07,-3.094110486203e-07,250,1.2484944624174,1.1989910033202,263.15
1500,3.2973634868703e-07,-3.0988669317401e-07,250,1.2484918192605,1.1989845617655,263.15
1530,3.2959809387838e-07,-3.1032466460957e-07,250,1.2484887024741,1.1989775611785,263.15
1560,3.2945984845203e-07,-3.1072358602271e-07,250,1.2484852721049,1.1989704264716,263.15
1590,3.2932167220004e-07,-3.1108181046506e-07,250,1.2484814117178,1.1989627975967,263.15
1620,3.2918362454452e-07,-3.1139738539588e-07,250,1.2484771006599,1.1989551535746,263.15
1650,3.2904575668853e-07,-3.11668010294e-07,250,1.2484723367269,1.1989468035873,263.15
1680,3.2890811108611e-07,-3.1189098643279e-07,250,1.2484672343417,1.1989377143891,263.15
1710,3.287707239889e-07,-3.1206315705399e-07,250,1.2484623829847,1.1989301375956,263.15
1740,3.2863362694474e-07,-3.1218083609822e-07,250,1.2484577429535,1.1989233392095,263.15
1770,3.2849684718478e-07,-3.1223972320527e-07,250,1.248453212815,1.1989162896627,263.15
1800,3.2836040442159e-07,-3.1223480296236e-07,250,1.2484483309852,1.1989088315798,263.15
1830,3.2822431811648e-07,-3.1216022160632e-07,250,1.2484433109273,1.1989019297331,263.15
1860,3.2808861160733e-07,-3.1200914737112e-07,250,1.2484382099826,1.1988957564576,263.15
1890,3.2795330149783e-07,-3.117736001392e-07,250,1.2484329695825,1.1988909605074,263.15
1920,3.27818401155e-07,-3.1144424483269e-07,250,1.2484277075604,1.1988883711546,263.15
1950,3.2768454378653e-07,-3.1101014855359e-07,250,1.2484222339927,1.1988869757905,263.15
1980,3.2755172254241e-07,-3.1045849453583e-07,250,1.248416386264,1.1988852831946,263.15
2010,3.2741986398926e-07,-3.1019982960629e-07,250,1.2484101879525,1.1988834154164,263.15
2040,3.2728890993388e-07,-3.10773833069e-07,250,1.2484041619572,1.1988818731245,263.15
2070,3.27158810086e-07,-3.1134014100712e-07,250,1.2483984276508,1.1988807163921,263.15
2100,3.2702951847387e-07,-3.1189892559787e-07,250,1.2483926116913,1.1988793124811,263.15
2130,3.2690099166524e-07,-3.1245028586592e-07,250,1.2483864472798,1.1988779666226,263.15
2160,3.2677318782623e-07,-3.1299433913514e-07,250,1.2483808678336,1.1988788395855,263.15
2190,3.2664606595986e-07,-3.1353123778116e-07,250,1.2483757009532,1.1988813184138,263.15
2220,3.2651958608565e-07,-3.1406113733195e-07,250,1.2483713554535,1.1988851637983,263.15
2250,3.2639370810684e-07,-3.1458418148859e-07,250,1.2483669064707,1.1988894780585,263.15
2280,3.26268392777e-07,-3.1510050054275e-07,250,1.2483622543746,1.1988943061747,263.15
2310,3.2614360150114e-07,-3.1561021303559e-07,250,1.2483575295682,1.1988992473605,263.15
2340,3.2601929382099e-07,-3.1611342790112e-07,250,1.2483528983931,1.1989046083287,263.15
2370,3.2589543261273e-07,-3.1661024625042e-07,250,1.2483483178902,1.1989111755769,263.15
2400,3.2577198362954e-07,-3.1710076223979e-07,250,1.2483436505563,1.1989181855093,263.15
2430,3.2564889707202e-07,-3.1758497463223e-07,250,1.2483390758081,1.198926636911,263.15
2460,3.2552612697196e-07,-3.1806294675127e-07,250,1.2483347683172,1.1989379562092,263.15
2490,3.2540364434681e-07,-3.1853475646974e-07,250,1.2483302345789,1.1989497394587,263.15
2520,3.2528141928623e-07,-3.1900048111044e-07,250,1.2483264648219,1.1989625130577,263.15
2550,3.2515942061766e-07,-3.1946019085834e-07,250,1.2483233652457,1.1989758823811,263.15
2580,3.2503761654326e-07,-3.1991394769992e-07,250,1.2483205132286,1.1989895911585,263.15
2610,3.2491597479878e-07,-3.2036180679821e-07,250,1.2483179390254,1.1990047939271,263.15
2640,3.2479446306132e-07,-3.2080381792362e-07,250,1.248316410798,1.1990220726328,263.15
2670,3.2467304858123e-07,-3.2124002646935e-07,250,1.2483153547798,1.199039745145,263.15
2700,3.2455169637996e-07,-3.2167047409539e-07,250,1.248314990084,1.1990579700311,263.15
2730,3.2443037153795e-07,-3.220951797988e-07,250,1.2483146898891,1.1990762335391,263.15
2760,3.243090502216e-07,-3.2251346280489e-07,250,1.248314730681,1.1990946939323,263.15
2790,3.2418795641932e-07,-3.2292526411226e-07,250,1.2483147684855,1.1991132821469,263.15
2820,3.2406736330707e-07,-3.233305682217e-07,250,1.2483154792654,1.1991324742749,263.15
2850,3.2394722981164e-07,-3.2372939762684e-07,250,1.2483163235381,1.1991518661868,263.15
2880,3.2382752465496e-07,-3.2412179252546e-07,250,1.2483171594719,1.1991718242739,263.15
2910,3.2370822177496e-07,-3.2450780192145e-07,250,1.2483181944839,1.1991926926533,263.15
2940,3.235892966245e-07,-3.2488747892299e-07,250,1.2483194160568,1.1992140284065,263.15
2970,3.2347072414915e-07,-3.2526087866622e-07,250,1.2483209602023,1.1992381279786,263.15
3000,3.2335247776027e-07,-3.2562805724158e-07,250,1.2483230029255,1.1992634840486,263.15
3030,3.2323452773887e-07,-3.2598907101196e-07,250,1.2483252492127,1.1992898707191,263.15
3060,3.2311684227308e-07,-3.263439761741e-07,250,1.2483281429826,1.1993183185995,263.15
3090,3.2299938763325e-07,-3.2669282850685e-07,250,1.2483317493229,1.1993478236148,263.15
3120,3.2288212770174e-07,-3.2703568321835e-07,250,1.2483356885338,1.1993777730558,263.15
3150,3.2276502376276e-07,-3.2737259020293e-07,250,1.2483397273801,1.1994077133871,263.15
3180,3.2264803460938e-07,-3.2770359876581e-07,250,1.2483441798712,1.1994381076585,263.15
3210,3.2253111538397e-07,-3.2802876192218e-07,250,1.248348933114,1.1994688709527,263.15
3240,3.2241421778447e-07,-3.2834813391037e-07,250,1.248353740588,1.1994994417626,263.15
3270,3.2229729081955e-07,-3.2866176841179e-07,250,1.2483589969604,1.1995298948468,263.15
3300,3.2218028540889e-07,-3.2896971766158e-07,250,1.2483644530354,1.1995605656866,263.15
3330,3.2206314484555e-07,-3.2927203225229e-07,250,1.2483700693058,1.1995916412609,263.15
3360,3.2194580911644e-07,-3.2956876124666e-07,250,1.2483760914831,1.1996230852703,263.15
3390,3.2182821574884e-07,-3.2985995229033e-07,250,1.2483821841253,1.1996550316994,263.15
3420,3.2171029838463e-07,-3.3014565146232e-07,250,1.2483886906227,1.1996891457059,263.15
3450,3.2159198693585e-07,-3.3042590378892e-07,250,1.2483954233503,1.1997231547378,263.15
3480,3.2147321245969e-07,-3.3070075293432e-07,250,1.2484024103589,1.1997571089625,263.15
3510,3.2135390505019e-07,-3.309702411081e-07,250,1.2484099893809,1.1997910546805,263.15
3540,3.2123399390033e-07,-3.3123440900173e-07,250,1.2484178176378,1.1998270047722,263.15
3570,3.2111340530753e-07,-3.3149329575372e-07,250,1.2484256458605,1.1998634223768,263.15
3600,3.2099206662816e-07,-3.3174693894327e-07,250,1.2484334208611,1.1998996122241,263.15
3630,3.2086990431078e-07,-3.3199537457644e-07,250,1.2484409413672,1.1999350906876,263.15
3660,3.2074684411132e-07,-3.3223863707618e-07,250,1.2484483228826,1.1999703129451,263.15
3690,3.2062281162198e-07,-3.3247675925339e-07,250,1.2484558578528,1.2000061440328,263.15
3720,3.2049773258433e-07,-3.3270977226138e-07,250,1.2484635526095,1.2000435139582,263.15
3750,3.2037153542008e-07,-3.3293770552639e-07,250,1.2484710765707,1.2000804261069,263.15
3780,3.2024415627622e-07,-3.331605866783e-07,250,1.2484799425705,1.2001172270661,263.15
3810,3.2011552433135e-07,-3.3337844147126e-07,250,1.2484889213311,1.2001540111513,263.15
3840,3.1998556300023e-07,-3.3359129373056e-07,250,1.2484978095534,1.200191421056,263.15
3870,3.1985420633574e-07,-3.3379916529132e-07,250,1.2485069600282,1.2002299165235,263.15
3900,3.1972138770539e-07,-3.3400207592885e-07,250,1.2485161757038,1.2002679782229,263.15
3930,3.195870540355e-07,-3.3420004330268e-07,250,1.2485255843536,1.2003067237219,263.15
3960,3.1945115573734e-07,-3.3435056710089e-07,250,1.2485355832124,1.2003501926865,263.15
3990,3.193136349075e-07,-3.3443470264485e-07,250,1.2485457199695,1.200395024576,263.15
4020,3.1917443335527e-07,-3.3445852642697e-07,250,1.2485557976009,1.2004408207968,263.15
4050,3.1903349550812e-07,-3.3442535915235e-07,250,1.2485660136574,1.2004896578712,263.15
4080,3.1889076930888e-07,-3.3433718630127e-07,250,1.248576129531,1.2005393316401,263.15
4110,3.1874620654797e-07,-3.3419535559939e-07,250,1.2485858549925,1.2005881171471,263.15
4140,3.1859976302084e-07,-3.3400091848678e-07,250,1.2485961736778,1.2006364041464,263.15
4170,3.1845139856051e-07,-3.337547949988e-07,250,1.2486071969248,1.2006843370619,263.15
4200,3.1830107704631e-07,-3.3345785250841e-07,250,1.2486185044241,1.2007340870971,263.15
4230,3.1814876739079e-07,-3.3311094287924e-07,250,1.2486301203357,1.2007849110324,263.15
4260,3.1799445345201e-07,-3.3271491966807e-07,250,1.2486419088405,1.2008355986849,263.15
4290,3.1783810699995e-07,-3.3227064576897e-07,250,1.2486536008643,1.2008859675576,263.15
4320,3.1767970317351e-07,-3.3177899645393e-07,250,1.2486652966641,1.2009358824028,263.15
4350,3.1751922356421e-07,-3.3124086002912e-07,250,1.2486771034433,1.2009865129941,263.15
4380,3.1735665354201e-07,-3.3065713783148e-07,250,1.2486891828888,1.2010365321933,263.15
4410,3.1719197885949e-07,-3.300287433921e-07,250,1.24870105699,1.2010856254055,263.15
4440,3.1702519371568e-07,-3.2935660122593e-07,250,1.2487135514398,1.2011343988573,263.15
4470,3.1685629711379e-07,-3.2864164555936e-07,250,1.2487270298824,1.2011837555086,263.15
4500,3.1668529052968e-07,-3.2788481902695e-07,250,1.2487404898174,1.2012348016193,263.15
4530,3.1651217788417e-07,-3.270870713359e-07,250,1.2487538105367,1.2012886905992,263.15
4560,3.1633696713267e-07,-3.2624935795185e-07,250,1.2487668813247,1.2013420788168,263.15
4590,3.1615966920897e-07,-3.2537263881449e-07,250,1.2487810404623,1.2013961378,263.15
4620,3.1598029741532e-07,-3.2445787705486e-07,250,1.2487957441268,1.2014507005354,263.15
4650,3.1579886782791e-07,-3.2350603774939e-07,250,1.2488108870196,1.2015054874534,263.15
4680,3.1561539657315e-07,-3.2251808673991e-07,250,1.2488264676595,1.2015599404254,263.15
4710,3.1542989937644e-07,-3.2149498950419e-07,250,1.2488421811353,1.2016135656051,263.15
4740,3.1524239764204e-07,-3.2043771006362e-07,250,1.2488577636826,1.2016666102692,263.15
4770,3.1505291583061e-07,-3.1934720991509e-07,250,1.2488752943079,1.2017205160631,263.15
4800,3.148614801225e-07,-3.1822444706323e-07,250,1.2488931504319,1.2017754088168,263.15
4830,3.1466811792184e-07,-3.1707037495175e-07,250,1.2489107804286,1.2018299471176,263.15
4860,3.1447285799809e-07,-3.158859413608e-07,250,1.2489290639884,1.2018858898715,263.15
4890,3.1427573028936e-07,-3.1467208735057e-07,250,1.2489487425578,1.2019445648022,263.15
4920,3.1407676603596e-07,-3.1342974626138e-07,250,1.2489691170786,1.2020039990756,263.15
4950,3.1387599789482e-07,-3.2563336701874e-07,250,1.2489891531307,1.2020622888432,263.15
4980,3.1367346206329e-07,-3.5041933367558e-07,250,1.2490094026674,1.2021198155394,263.15
5010,3.1346919383868e-07,-3.7554047103961e-07,250,1.2490297107011,1.2021788384671,263.15
5040,3.1326323010583e-07,-4.0099406060376e-07,250,1.2490502547881,1.2022370444944,263.15
5070,3.1305563320297e-07,-4.2677517837132e-07,250,1.2490711851502,1.2022962699103,263.15
5100,3.1284644704396e-07,-4.5287718100547e-07,250,1.2490922995033,1.2023563581936,263.15
5130,3.1263571198779e-07,-4.6833579728338e-07,250,1.24911334052,1.2024158443662,263.15
5160,3.1242347161913e-07,-4.6359792919987e-07,250,1.2491345879369,1.2024753500404,263.15
5190,3.122097719187e-07,-4.5405664204494e-07,250,1.2491564344967,1.202536152793,263.15
5220,3.1199466032388e-07,-4.4918723215115e-07,250,1.2491779949974,1.2025965195409,263.15
5250,3.1177818859072e-07,-4.3963960900546e-07,250,1.2491999267241,1.2026585478657,263.15
5280,3.1156041331697e-07,-4.4042353287636e-07,250,1.2492221498134,1.2027214917559,263.15
5310,3.1134139615929e-07,-4.2606061616834e-07,250,1.2492438020356,1.20278347291,263.15
5340,3.1112120488322e-07,-4.2824810889888e-07,250,1.2492653366676,1.202845223259,263.15
5370,3.1089991391972e-07,-4.1876749564839e-07,250,1.2492870988214,1.2029066615286,263.15
5400,3.106776052937e-07,-4.1756711206751e-07,250,1.2493088423334,1.2029675710641,263.15
5430,3.1045437115574e-07,-4.1689831214002e-07,250,1.2493306883562,1.2030288254518,263.15
5460,3.1023031709043e-07,-4.273814630691e-07,250,1.2493526563024,1.2030897234397,263.15
5490,3.1000547732502e-07,-4.3035825192731e-07,250,1.2493743691736,1.2031496909248,263.15
5520,3.0978000963486e-07,-4.2232246956334e-07,250,1.2493958188504,1.2032101403703,263.15
5550,3.0955408829408e-07,-4.0458191144807e-07,250,1.2494174896868,1.2032708591315,263.15
5580,3.0932788403084e-07,-4.0780794860662e-07,250,1.2494390415955,1.2033312608734,263.15
5610,3.0910158013951e-07,-4.0685202989747e-07,250,1.2494602903942,1.2033902078329,263.15
5640,3.0887538235292e-07,-4.0278010324299e-07,250,1.2494809550706,1.2034484668159,263.15
5670,3.0864952477547e-07,-4.0015644075459e-07,250,1.2495013125776,1.2035050075346,263.15
5700,3.0842426827184e-07,-4.0121100306824e-07,250,1.2495213485346,1.2035599304831,263.15
5730,3.0819993041429e-07,-3.9744819730057e-07,250,1.2495412260899,1.2036161130024,263.15
5760,3.0797687668134e-07,-3.8412666642539e-07,250,1.2495607530783,1.2036728908199,263.15
5790,3.0775552560295e-07,-3.8379803834937e-07,250,1.2495798562717,1.2037292381356,263.15
5820,3.0753636344279e-07,-3.7614313263779e-07,250,1.2496005772408,1.2037857655296,263.15
5850,3.0731996053827e-07,-3.6121897153644e-07,250,1.249622635591,1.203841135331,263.15
5880,3.0710699100164e-07,-3.4065220604187e-07,250,1.2496444390477,1.2038952135548,263.15
5910,3.068982567097e-07,-3.1624300332999e-07,250,1.2496658214823,1.203948156696,263.15
5940,3.0669465275833e-07,-2.8975479478468e-07,250,1.2496866902443,1.2039993977026,263.15
5970,3.0649734313265e-07,-2.7381161323878e-07,250,1.2497079999742,1.2040504138143,263.15
6000,3.0630776861477e-07,-2.7373501940037e-07,250,1.2497294416079,1.204100276184,263.15
6030,3.0612765211648e-07,-2.7365490948508e-07,250,1.2497513678636,1.2041497640596,263.15
6060,3.0595908161696e-07,-2.7357119057252e-07,250,1.2497743310703,1.2041990261249,263.15
6090,3.0580460286429e-07,-2.7348376690249e-07,250,1.249797354207,1.2042467420428,263.15
6120,3.0566730267408e-07,-2.7339253940817e-07,250,1.2498202455499,1.204292968415,263.15
6150,3.0555084137034e-07,-2.7329740504933e-07,250,1.2498437712965,1.2043398313561,263.15
6180,3.0545931597524e-07,-2.7319825696073e-07,250,1.2498673010922,1.2043855771286,263.15
6210,3.0539657474259e-07,-2.7309498513401e-07,250,1.2498901810679,1.2044294032463,263.15
6240,3.0536380419808e-07,-2.7298747634926e-07,250,1.2499129335642,1.2044737582582,263.15
6270,3.0535160920454e-07,-2.7287561445304e-07,250,1.249935454374,1.2045171696605,263.15
6300,3.0531232821823e-07,-2.727592794758e-07,250,1.2499580309693,1.2045618704192,263.15
6330,3.0504852789396e-07,-2.7263834793648e-07,250,1.2499804656924,1.2046062064215,263.15
6360,3.0364033372017e-07,-2.7251269197474e-07,250,1.2500029012754,1.2046501821484,263.15
6390,2.9504500284307e-07,-2.7238217623913e-07,250,1.2500255258517,1.2046979368341,263.15
6420,2.3942192228564e-07,-2.7224665923897e-07,250,1.2500477482645,1.2047461641256,263.15
6450,2.3988104088859e-07,-2.7210599378245e-07,250,1.2500697714478,1.204794462965,263.15
6480,2.4033238454061e-07,-2.7196002540146e-07,250,1.2500918825938,1.2048437530011,263.15
6510,2.4077600179387e-07,-2.7860302063512e-07,250,1.2501133294633,1.2048918947413,263.15
6540,2.4121194471616e-07,-2.8611000450145e-07,250,1.2501346283582,1.204938465014,263.15
6570,2.4164026879587e-07,-2.8948115021741e-07,250,1.2501561953399,1.2049877803314,263.15
6600,2.4206103286265e-07,-2.9125853590155e-07,250,1.2501774815664,1.2050400970945,263.15
6630,2.4320240386265e-07,-2.9227381814995e-07,250,1.2501983602606,1.2050924831324,263.15
6660,2.4544578309451e-07,-2.9287026242131e-07,250,1.2502193248468,1.2051450069081,263.15
6690,2.4754185763163e-07,-2.9321318027388e-07,250,1.2502400266049,1.2051961420338,263.15
6720,2.495007863437e-07,-2.9339134843345e-07,250,1.2502602114754,1.2052458460365,263.15
6750,2.5133163492372e-07,-2.9345646131236e-07,250,1.2502798761645,1.2052943334337,263.15
6780,2.5304257578465e-07,-2.9344056025558e-07,250,1.2502990224829,1.2053418489735,263.15
6810,2.546410430947e-07,-2.9336451617082e-07,250,1.2503177502059,1.2053902504889,263.15
6840,2.5613385337267e-07,-2.9324248467253e-07,250,1.2503362978326,1.2054374358846,263.15
6870,2.575273028678e-07,-2.9308439421138e-07,250,1.2503547385061,1.2054833553444,263.15
6900,2.5882723339162e-07,-2.9289740821335e-07,250,1.2503732541177,1.2055289672582,263.15
6930,2.6003908430183e-07,-2.9268682182621e-07,250,1.2503923055048,1.2055753218035,263.15
6960,2.6116794042965e-07,-2.9245663177213e-07,250,1.250411026955,1.20562093903,263.15
6990,2.6221857022449e-07,-2.9220991056085e-07,250,1.2504294749064,1.2056660885716,263.15
7020,2.6319545484132e-07,-2.9194905856498e-07,250,1.2504478635708,1.2057107083817,263.15
7050,2.6410281136684e-07,-2.9167597811785e-07,250,1.2504660915836,1.2057541472609,263.15
7080,2.6494461219494e-07,-2.9139219613604e-07,250,1.2504837088496,1.2057962112125,263.15
7110,2.6572460158476e-07,-2.9109895267736e-07,250,1.2505006368805,1.2058365549895,263.15
7140,2.6644631016664e-07,-2.9079726558663e-07,250,1.2505177944246,1.205876394054,263.15
7170,2.6711306785253e-07,-2.9048797842547e-07,250,1.2505344450269,1.2059167146059,263.15
7200,2.6772801549377e-07,-2.9017179637529e-07,250,1.2505511172882,1.2059559764906,263.15
7230,2.6829411562082e-07,-2.8984931375605e-07,250,1.2505692308373,1.2059967106022,263.15
7260,2.6881416260633e-07,-2.8952103587981e-07,250,1.2505874163496,1.2060361928611,263.15
7290,2.6929079180772e-07,-2.8918739517492e-07,250,1.2506062786988,1.2060762236954,263.15
7320,2.6972648819742e-07,-2.8884876093805e-07,250,1.2506257526964,1.2061161364082,263.15
7350,2.7012359471611e-07,-2.8850545411887e-07,250,1.2506458375064,1.206155271395,263.15
7380,2.7048432021967e-07,-2.8815775508468e-07,250,1.2506655415975,1.2061927239901,263.15
7410,2.7081074428741e-07,-2.8780591002035e-07,250,1.250684646825,1.2062285968906,263.15
7440,2.7110482956613e-07,-2.87450136774e-07,250,1.2507036212476,1.2062638755885,263.15
7470,2.7136842719309e-07,-2.869498118888e-07,250,1.2507220767135,1.206297499507,263.15
7500,2.7160328255524e-07,-2.8620632434961e-07,250,1.2507402220059,1.2063306850164,263.15
7530,2.7181104034093e-07,-2.8521802583626e-07,250,1.2507581129269,1.2063632890132,263.15
7560,2.7199324902689e-07,-2.8399338013945e-07,250,1.2507754438814,1.2063940891823,263.15
7590,2.7215137037987e-07,-2.825412673737e-07,250,1.2507933011034,1.2064243216566,263.15
7620,2.7228677988131e-07,-2.8086581788481e-07,250,1.250812593448,1.2064535656226,263.15
7650,2.7240077447293e-07,-2.7896973848748e-07,250,1.2508312654563,1.2064812183852,263.15
7680,2.7249457858616e-07,-2.7685514164044e-07,250,1.2508509131603,1.2065082748778,263.15
7710,2.7256934791868e-07,-2.7452385719024e-07,250,1.2508704993148,1.2065337154807,263.15
7740,2.7262617318159e-07,-2.7197766557543e-07,250,1.2508894753911,1.2065586957435,263.15
7770,2.7266608396032e-07,-2.6921851367881e-07,250,1.2509081259972,1.2065844685758,263.15
7800,2.7269005276263e-07,-2.6624871581178e-07,250,1.2509268110552,1.206609433292,263.15
7830,2.7269899874204e-07,-2.6307113436454e-07,250,1.2509458080326,1.2066343931847,263.15
7860,2.7269379039599e-07,-2.5968933550046e-07,250,1.2509649420424,1.2066588445177,263.15
7890,2.7267524778309e-07,-2.587016713356e-07,250,1.2509831789264,1.2066826618997,263.15
7920,2.7264414512008e-07,-2.5835026408375e-07,250,1.2510004792957,1.2067043509593,263.15
7950,2.726012138796e-07,-2.5794250509086e-07,250,1.2510181764286,1.2067252437393,263.15
7980,2.7254714534993e-07,-2.5748106098352e-07,250,1.2510354079087,1.2067449400065,263.15
8010,2.7248259304385e-07,-2.5696848061394e-07,250,1.2510528459,1.2067635175633,263.15
8040,2.7240817499515e-07,-2.5640717130666e-07,250,1.2510704771253,1.2067799977953,263.15
8070,2.7232447596931e-07,-2.5579946161266e-07,250,1.2510875875498,1.2067968411774,263.15
8100,2.7223204946772e-07,-2.5514760265328e-07,250,1.2511051442161,1.2068144660841,263.15
8130,2.7213141960004e-07,-2.5445377098262e-07,250,1.2511224690909,1.2068318487231,263.15
8160,2.7474345812412e-07,-2.5372007163245e-07,250,1.2511394420259,1.2068502499074,263.15
8190,2.7795466600009e-07,-2.5294854169361e-07,250,1.2511563432992,1.2068677849691,263.15
8220,2.8087951197042e-07,-2.5214115306852e-07,250,1.2511722868715,1.2068834565284,263.15
8250,2.8359421343769e-07,-2.5129980088172e-07,250,1.2511872949544,1.2068974389916,263.15
8280,2.8613910235871e-07,-2.5042633249776e-07,250,1.2512018785325,1.206911826321,263.15
8310,2.8853711169688e-07,-2.4952254202717e-07,250,1.2512164837132,1.2069274202861,263.15
8340,2.9080224871565e-07,-2.4859016819193e-07,250,1.2512306232261,1.206941779303,263.15
8370,2.9294376236255e-07,-2.4821509741527e-07,250,1.2512443329213,1.206955654414,263.15
8400,2.9496830965704e-07,-2.4820428086355e-07,250,1.2512575563293,1.2069713635789,263.15
8430,2.9688112938009e-07,-2.4819381751638e-07,250,1.2512700982796,1.2069859063583,263.15
8460,2.9868669556443e-07,-2.4818369985134e-07,250,1.2512819299006,1.2070001581076,263.15
8490,3.0038908565855e-07,-2.4817392013391e-07,250,1.251293891917,1.207014827701,263.15
8520,3.0199218642585e-07,-2.4816447045706e-07,250,1.251306604594,1.2070307193796,263.15
8550,3.0349980506398e-07,-2.4815534252657e-07,250,1.2513193369971,1.2070458313961,263.15
8580,3.0491572405735e-07,-2.4814652782355e-07,250,1.2513316153981,1.2070604972645,263.15
8610,3.0624372255444e-07,-2.4813801760134e-07,250,1.2513434642471,1.2070741184514,263.15
8640,3.0748757809371e-07,-2.4812980288572e-07,250,1.2513550118492,1.2070877451379,263.15
8670,3.0865105729174e-07,-2.4812187437216e-07,250,1.2513665308574,1.2071003668071,263.15
8700,3.0973790910679e-07,-2.4811422240439e-07,250,1.2513773461383,1.2071117348477,263.15
8730,3.1075183046763e-07,-2.4810683694227e-07,250,1.251387267077,1.207121456072,263.15
8760,3.1169645320735e-07,-2.4809970774949e-07,250,1.2513964837391,1.2071306668243,263.15
8790,3.1257533403831e-07,-2.4809282459031e-07,250,1.2514049396587,1.2071383250482,263.15
8820,3.1339194053518e-07,-2.4808617687288e-07,250,1.2514128682094,1.2071440223488,263.15
8850,3.1414963823849e-07,-2.4807975377542e-07,250,1.2514208928362,1.2071502589899,263.15
8880,3.1485168038146e-07,-2.4807354435767e-07,250,1.2514291622515,1.2071555852365,263.15
8910,3.1550119974535e-07,-2.4806753715424e-07,250,1.2514373258557,1.2071594966899,263.15
8940,3.1610120441101e-07,-2.4806172042099e-07,250,1.2514449847777,1.2071614706818,263.15
8970,3.1665457365447e-07,-2.4805608190327e-07,250,1.2514517734898,1.2071613231134,263.15
9000,3.1714336443601e-07,-2.4805060893217e-07,250,1.2514577170048,1.2071596256768,263.15
9030,3.1756875551925e-07,-2.480452884674e-07,250,1.2514630000097,1.2071569393382,263.15
9060,3.1793380743318e-07,-2.4804010677716e-07,250,1.2514677024381,1.2071531640367,263.15
9090,3.1824109035372e-07,-2.4803504998241e-07,250,1.2514720441069,1.2071495994353,263.15
9120,3.1849291628751e-07,-2.4803010398587e-07,250,1.2514760845843,1.2071463680708,263.15
9150,3.1869143144659e-07,-2.4802525444215e-07,250,1.2514796233493,1.2071425513139,263.15
9180,3.1883865073605e-07,-2.4802048652318e-07,250,1.2514823162177,1.2071371629402,263.15
9210,3.1893647274069e-07,-2.4801578512159e-07,250,1.2514847084933,1.2071304213976,263.15
9240,3.1898668815545e-07,-2.4802220962862e-07,250,1.2514872839778,1.2071223927245,263.15
9270,3.1899098618428e-07,-2.480426781599e-07,250,1.2514897677848,1.2071133132563,263.15
9300,3.1895096032931e-07,-2.48077106499e-07,250,1.2514918104908,1.2071039380494,263.15
9330,3.1886811393948e-07,-2.4812543404989e-07,250,1.2514934248995,1.2070949177167,263.15
9360,3.1874386561546e-07,-2.4818744357527e-07,250,1.2514948285814,1.2070856158674,263.15
9390,3.1857955450352e-07,-2.4826283221054e-07,250,1.2514966083111,1.2070779898127,263.15
9420,3.1837644543088e-07,-2.4835124685565e-07,250,1.251498958751,1.2070742026361,263.15
9450,3.1813573387252e-07,-2.4845229649464e-07,250,1.2515012866151,1.2070691897139,263.15
9480,3.1785854991859e-07,-2.4856555653507e-07,250,1.2515038114235,1.2070649467643,263.15
9510,3.1754596291453e-07,-2.4869056999916e-07,250,1.2515065600237,1.2070614004061,263.15
9540,3.1719898699587e-07,-2.4882684902386e-07,250,1.251508724557,1.2070569628086,263.15
9570,3.168185854397e-07,-2.4897387610664e-07,250,1.2515108670573,1.2070518222854,263.15
9600,3.1640567421121e-07,-2.4913110616664e-07,250,1.2515126082862,1.2070492478158,263.15
9630,3.1596112550309e-07,-2.4929796841889e-07,250,1.251514902242,1.207048166266,263.15
9660,3.1548577077564e-07,-2.4947386830057e-07,250,1.2515171884974,1.2070479178387,263.15
9690,3.149804040008e-07,-2.4965818951849e-07,250,1.2515200979773,1.2070470086548,263.15
9720,3.1444578269288e-07,-2.4985029676907e-07,250,1.2515227298513,1.2070446344448,263.15
9750,3.1388263517174e-07,-2.5004953047476e-07,250,1.2515247963749,1.2070410051053,263.15
9780,3.1329166210605e-07,-2.5025519058907e-07,250,1.2515269172942,1.2070367283258,263.15
9810,3.1267353768204e-07,-2.5046660245371e-07,250,1.2515294241556,1.2070322543046,263.15
9840,3.1202891188761e-07,-2.5068308100496e-07,250,1.2515312126195,1.2070269920894,263.15
9870,3.1135841262623e-07,-2.5090393522168e-07,250,1.2515330153002,1.2070212897942,263.15
9900,3.106626477252e-07,-2.5182850301225e-07,250,1.2515344505252,1.2070151001946,263.15
9930,3.0994220681543e-07,-2.5288501051774e-07,250,1.2515355633581,1.2070106802931,263.15
9960,3.0919766309408e-07,-2.5390831606539e-07,250,1.2515365866805,1.2070062603153,263.15
9990,3.0842957488616e-07,-2.5489901423335e-07,250,1.2515369865619,1.2070002977484,263.15
10020,3.0763848710171e-07,-2.5585771893534e-07,250,1.2515380214519,1.2069937833798,263.15
10050,3.0677955040494e-07,-2.5678503806977e-07,250,1.2515398149266,1.2069884919668,263.15
10080,3.0583386243776e-07,-2.5768156771862e-07,250,1.2515429893875,1.2069864190348,263.15
10110,3.0481269417133e-07,-2.5854788979701e-07,250,1.2515478936885,1.2069874079744,263.15
10140,3.0371992879766e-07,-2.5933702889681e-07,250,1.2515542805533,1.2069941200407,263.15
10170,3.0255751892874e-07,-2.5993861253699e-07,250,1.2515598835025,1.2069988200342,263.15
10200,3.0130063278618e-07,-2.6035762371567e-07,250,1.2515651083558,1.207002013921,263.15
10230,2.9987187040692e-07,-2.6059757365554e-07,250,1.251570151372,1.2070047928296,263.15
10260,2.9828635123689e-07,-2.6066169236286e-07,250,1.2515745745757,1.2070076400667,263.15
10290,2.9655109350119e-07,-2.6055334000318e-07,250,1.2515781683023,1.2070097682235,263.15
10320,2.946712494614e-07,-2.602761342249e-07,250,1.2515808951281,1.2070099640971,263.15
10350,2.9265156638668e-07,-2.5983398047361e-07,250,1.2515836127929,1.207008599837,263.15
10380,2.9049675398925e-07,-2.5923106394356e-07,250,1.2515875083879,1.2070109275706,263.15
10410,2.8821157592559e-07,-2.5847183526683e-07,250,1.2515918707074,1.2070140121988,263.15
10440,2.8580086825354e-07,-2.5756099681766e-07,250,1.2515957952503,1.2070191755079,263.15
10470,2.8326953765981e-07,-2.5630826615525e-07,250,1.2516002850361,1.2070241947547,263.15
10500,2.8062255376507e-07,-2.5540066570815e-07,250,1.2516052881509,1.2070297020371,263.15
10530,2.8214185624999e-07,-2.5556145728368e-07,250,1.251610254954,1.2070343902918,263.15
10560,2.8647230230789e-07,-2.5571418438057e-07,250,1.2516157442066,1.2070392397155,263.15
10590,2.907599974896e-07,-2.5585857361971e-07,250,1.2516227412432,1.2070466879142,263.15
10620,2.9483918352611e-07,-2.5599437497484e-07,250,1.2516298622921,1.2070533428756,263.15
10650,2.9847661364665e-07,-2.5612135903372e-07,250,1.251636945079,1.207059333896,263.15
10680,3.0136507457436e-07,-2.5623931670137e-07,250,1.2516442716519,1.2070689394997,263.15
10710,3.0313214296688e-07,-2.563480588779e-07,250,1.2516512057308,1.2070790976541,263.15
10740,3.0336487360852e-07,-2.5644741432104e-07,250,1.2516577191315,1.2070884481693,263.15
10770,3.0157392446897e-07,-2.5653722817063e-07,250,1.2516642375961,1.2070984051808,263.15
10800,2.4891084426922e-07,-2.5661736177211e-07,250,1.2516706206064,1.207109483127,263.15
10830,2.4532796524292e-07,-2.5668769218231e-07,250,1.2516778882753,1.2071201353344,263.15
10860,2.4169043336798e-07,-2.5674811075616e-07,250,1.2516847287955,1.207129591359,263.15
10890,2.3845370241206e-07,-2.5679852185361e-07,250,1.2516915679899,1.2071401066474,263.15
10920,2.3875577352745e-07,-2.5683884113786e-07,250,1.2516979514434,1.2071492277857,263.15
10950,2.3904596406319e-07,-2.5686899301794e-07,250,1.2517038964969,1.2071564199886,263.15
10980,2.3932434319624e-07,-2.5688890916093e-07,250,1.2517096284759,1.2071620011057,263.15
11010,2.3959091852372e-07,-2.5689852674526e-07,250,1.2517149270189,1.2071660177431,263.15
11040,2.3984567236224e-07,-2.5689778702261e-07,250,1.2517201649447,1.2071689633554,263.15
11070,2.4008855717078e-07,-2.5688663364063e-07,250,1.2517258249689,1.2071710690266,263.15
11100,2.4031952668792e-07,-2.5686501089296e-07,250,1.2517308658058,1.2071729357603,263.15
11130,2.4053854181889e-07,-2.5683286176742e-07,250,1.2517358202939,1.2071731484118,263.15
11160,2.4074556848223e-07,-2.5679012702204e-07,250,1.2517412292144,1.2071715600946,263.15
11190,2.4094057528374e-07,-2.5673674292481e-07,250,1.2517462892496,1.2071689460972,263.15
11220,2.4112353256707e-07,-2.5667263999814e-07,250,1.2517518335433,1.2071670064757,263.15
11250,2.4129441273882e-07,-2.5659774114565e-07,250,1.2517568138206,1.2071664112677,263.15
11280,2.4145319117705e-07,-2.5651196034295e-07,250,1.2517616146325,1.2071650663762,263.15
11310,2.4159984656387e-07,-2.5641520074313e-07,250,1.251766599711,1.2071636268996,263.15
11340,2.4173436093635e-07,-2.563073525051e-07,250,1.2517724694838,1.2071647802701,263.15
11370,2.4185672031121e-07,-2.5618829105147e-07,250,1.2517786445226,1.2071660470676,263.15
11400,2.4196691473252e-07,-2.5605787627725e-07,250,1.2517844954434,1.2071671419312,263.15
11430,2.4206493894297e-07,-2.5591595041082e-07,250,1.2517901333762,1.2071686241434,263.15
11460,2.421507929351e-07,-2.5574901223819e-07,250,1.2517954435752,1.2071703152009,263.15
11490,2.4222448215314e-07,-2.5554174547757e-07,250,1.2518004261262,1.2071703805042,263.15
11520,2.4228601756454e-07,-2.5529823395638e-07,250,1.2518054970426,1.2071715465083,263.15
11550,2.4233541546612e-07,-2.5502011014976e-07,250,1.2518103235271,1.2071735264768,263.15
11580,2.4237269809591e-07,-2.5470819287607e-07,250,1.2518146217842,1.2071767843673,263.15
11610,2.423978937707e-07,-2.5436300811717e-07,250,1.2518193745533,1.2071800654747,263.15
11640,2.4241103532354e-07,-2.5398460123276e-07,250,1.2518258911441,1.2071836639934,263.15
11670,2.4241216074884e-07,-2.535735298478e-07,250,1.2518327031539,1.2071869628633,263.15
11700,2.4240131370405e-07,-2.5313039285001e-07,250,1.2518394097011,1.2071906103903,263.15
11730,2.4237854377579e-07,-2.5265582766766e-07,250,1.2518458598797,1.2071942087161,263.15
11760,2.4234390668034e-07,-2.5215050506337e-07,250,1.2518543228743,1.2071983279432,263.15
11790,2.4229746359839e-07,-2.5161512318981e-07,250,1.2518626787045,1.2072024731967,263.15
11820,2.4223928096724e-07,-2.5105040298223e-07,250,1.2518708349147,1.2072069638601,263.15
11850,2.4216943043061e-07,-2.5045708288609e-07,250,1.2518786646293,1.2072103505923,263.15
11880,2.4208798888472e-07,-2.4983591392982e-07,250,1.2518864685289,1.2072130002955,263.15
11910,2.4199503962582e-07,-2.491876545599e-07,250,1.2518949364248,1.2072201814139,263.15
11940,2.4189067060387e-07,-2.485130659853e-07,250,1.2519041756696,1.2072314215895,263.15
11970,2.4177497409116e-07,-2.4781290773648e-07,250,1.2519141558678,1.2072441987186,263.15
12000,2.4164804682306e-07,-2.4708793236905e-07,250,1.2519242289353,1.2072587674529,263.15
12030,2.4150998970435e-07,-2.4633888285726e-07,250,1.2519339441583,1.2072723354547,263.15
12060,2.4136090582343e-07,-2.4556648841737e-07,250,1.251944074952,1.2072860379802,263.15
12090,2.4120090184709e-07,-2.4477146125915e-07,250,1.2519534293713,1.2072986588706,263.15
12120,2.4103009010851e-07,-2.4395449509945e-07,250,1.2519619744886,1.2073097209303,263.15
12150,2.4084858855621e-07,-2.4311626243525e-07,250,1.2519696300366,1.207319161417,263.15
12180,2.4065651946915e-07,-2.4225741234345e-07,250,1.2519769370916,1.2073273576261,263.15
12210,2.4045400774424e-07,-2.4137856858079e-07,250,1.2519839364554,1.2073354932385,263.15
12240,2.4024118108591e-07,-2.4048032802824e-07,250,1.2519903270015,1.2073413876624,263.15
12270,2.4001817046079e-07,-2.3956325931979e-07,250,1.2519958372149,1.2073465574039,263.15
12300,2.3978510865079e-07,-2.3862790231233e-07,250,1.2520006944607,1.2073503778851,263.15
12330,2.3954213002222e-07,-2.3767476676943e-07,250,1.2520050522725,1.2073536785373,263.15
12360,2.392893704672e-07,-2.3670433225469e-07,250,1.2520089510602,1.2073628713939,263.15
12390,2.3902696734942e-07,-2.3571704642995e-07,250,1.2520123400264,1.2073714695009,263.15
12420,2.3875505941041e-07,-2.3471332376327e-07,250,1.2520153155777,1.2073791902915,263.15
12450,2.3847378651426e-07,-2.3369354861623e-07,250,1.2520178589949,1.2073867766349,263.15
12480,2.3818328963646e-07,-2.3265807560203e-07,250,1.2520202736903,1.2073989663929,263.15
12510,2.3789196598776e-07,-2.3160723019939e-07,250,1.2520226695395,1.2074126422116,263.15
12540,2.3757519127748e-07,-2.3054131409179e-07,250,1.2520244812173,1.2074254307467,263.15
12570,2.3725787365622e-07,-2.3014809492142e-07,250,1.2520258859482,1.2074381973602,263.15
12600,2.3693189877714e-07,-2.3024649198375e-07,250,1.2520274511246,1.2074490577694,263.15
12630,2.3659740715926e-07,-2.3034198797116e-07,250,1.25202827401,1.2074590928201,263.15
12660,2.3625453833334e-07,-2.3043464551537e-07,250,1.2520291418511,1.2074701301285,263.15
12690,2.3590343165433e-07,-2.3052453018231e-07,250,1.2520294606207,1.2074794123853,263.15
12720,2.3554422460053e-07,-2.3061171027404e-07,250,1.2520300680735,1.207488145011,263.15
12750,2.3517705210762e-07,-2.3069625661731e-07,250,1.2520303096502,1.2074960875347,263.15
12780,2.3480204693777e-07,-2.3077824234948e-07,250,1.2520302340425,1.2075025805669,263.15
12810,2.3441933851021e-07,-2.3085774270593e-07,250,1.2520304727802,1.2075098970172,263.15
12840,2.3402905321007e-07,-2.3093483482172e-07,250,1.2520315542516,1.2075205763615,263.15
12870,2.3363131539295e-07,-2.310095975283e-07,250,1.2520323020244,1.2075297849095,263.15
12900,2.3322624687104e-07,-2.3108211116187e-07,250,1.2520331724171,1.2075388361898,263.15
12930,2.3281396619234e-07,-2.3115245737758e-07,250,1.2520336732247,1.2075470690602,263.15
12960,2.3239450663945e-07,-2.3122071897009e-07,250,1.2520341174988,1.2075548659953,263.15
12990,2.3196797690482e-07,-2.3128697967301e-07,250,1.2520340239894,1.2075630691047,263.15
13020,2.3153448543914e-07,-2.31351323975e-07,250,1.2520333750994,1.2075701057661,263.15
13050,2.3109413391092e-07,-2.3141383695073e-07,250,1.2520321094728,1.2075760019409,263.15
13080,2.3064701857781e-07,-2.3147460410379e-07,250,1.2520309993632,1.2075828546162,263.15
13110,2.3019323235082e-07,-2.315337112176e-07,250,1.252029906285,1.2075898664348,263.15
13140,2.2973286523782e-07,-2.3159124433666e-07,250,1.2520280777086,1.2075955645015,263.15
13170,2.293054929299e-07,-2.3178420224174e-07,250,1.2520259700699,1.2076028478026,263.15
13200,2.2933590861038e-07,-2.3199135697064e-07,250,1.2520238787959,1.207609189101,263.15
13230,2.2936630640107e-07,-2.3219684157944e-07,250,1.2520215409938,1.207613381647,263.15
13260,2.2939667203798e-07,-2.3240071462148e-07,250,1.2520202356986,1.2076159191859,263.15
13290,2.2942699121793e-07,-2.3260303056709e-07,250,1.2520199832861,1.2076172439828,263.15
13320,2.2945724965404e-07,-2.3280384021927e-07,250,1.252019307411,1.207617302711,263.15
13350,2.2948743412082e-07,-2.330031911118e-07,250,1.2520183663603,1.2076180449005,263.15
13380,2.2951753070319e-07,-2.3320112734795e-07,250,1.2520166436607,1.2076168575382,263.15
13410,2.2954752435913e-07,-2.3339768934244e-07,250,1.2520139983663,1.2076142499521,263.15
13440,2.2957739998295e-07,-2.3359291406669e-07,250,1.2520106266704,1.2076106267478,263.15
13470,2.2960714292992e-07,-2.3378683536987e-07,250,1.252006507272,1.2076054922297,263.15
13500,2.2963673899985e-07,-2.3397948421752e-07,250,1.2520024500176,1.2075999328584,263.15
13530,2.296661742983e-07,-2.3417088895192e-07,250,1.2519977312006,1.2075922525456,263.15
13560,2.2969543513019e-07,-2.3436107541532e-07,250,1.2519920269975,1.2075825991499,263.15
13590,2.2972450784749e-07,-2.3455015490003e-07,250,1.2519855486693,1.207571335779,263.15
13620,2.2975337878828e-07,-2.3473860844249e-07,250,1.2519785215234,1.2075585788265,263.15
13650,2.2978203465677e-07,-2.3492661437368e-07,250,1.2519718853106,1.2075469997291,263.15
13680,2.2981046227404e-07,-2.3511409329826e-07,250,1.2519646644133,1.2075353929526,263.15
13710,2.2983864863718e-07,-2.3530095812836e-07,250,1.2519578144275,1.2075240952845,263.15
13740,2.2986658088207e-07,-2.3548712253514e-07,250,1.2519505270332,1.2075108861486,263.15
13770,2.2989426149442e-07,-2.356725064047e-07,250,1.2519428768174,1.2074962371482,263.15
13800,2.2992169999245e-07,-2.3585703800147e-07,250,1.25193502734,1.2074805819743,263.15
13830,2.2994888812856e-07,-2.360406541176e-07,250,1.2519270401335,1.2074661195846,263.15
13860,2.2997581594641e-07,-2.3622329942364e-07,250,1.2519188522933,1.2074538713778,263.15
13890,2.3000247162353e-07,-2.3640492546027e-07,250,1.2519102118669,1.2074421193217,263.15
13920,2.3002884176366e-07,-2.365854897283e-07,250,1.2519016658057,1.2074302982153,263.15
13950,2.3005491188564e-07,-2.3676495489482e-07,250,1.2518924943729,1.2074187592472,263.15
13980,2.300806668542e-07,-2.3694328812063e-07,250,1.2518838706986,1.2074074919357,263.15
14010,2.3010609123805e-07,-2.3712046060042e-07,250,1.2518755320658,1.2073982356915,263.15
14040,2.3013116953911e-07,-2.3729644703441e-07,250,1.251866845998,1.2073888947796,263.15
14070,2.3015588632553e-07,-2.374712251808e-07,250,1.251857875904,1.2073799990493,263.15
14100,2.3018022632962e-07,-2.3764477541177e-07,250,1.2518478231581,1.2073696152735,263.15
14130,2.3020417454466e-07,-2.3781708038408e-07,250,1.2518370616956,1.2073588082854,263.15
14160,2.3022771630129e-07,-2.3798812486766e-07,250,1.2518260530028,1.2073482125754,263.15
14190,2.3025083731678e-07,-2.3842330386268e-07,250,1.2518153736633,1.2073407272623,263.15
14220,2.3027352376364e-07,-2.3962595454896e-07,250,1.2518046148362,1.2073345358334,263.15
14250,2.302957623111e-07,-2.4069900469053e-07,250,1.2517928233219,1.2073277720681,263.15
14280,2.3031754018852e-07,-2.4165186998418e-07,250,1.2517816218883,1.2073218642178,263.15
14310,2.3033884521615e-07,-2.4249380210792e-07,250,1.2517718139908,1.2073158031824,263.15
14340,2.3035966583264e-07,-2.4323375837853e-07,250,1.2517626555214,1.2073097025186,263.15
14370,2.3037999111419e-07,-2.4388030184371e-07,250,1.2517535449756,1.2073038245945,263.15
14400,2.3039981304194e-07,-2.4444152848869e-07,250,1.2517452800059,1.2072993494075,263.15
14430,2.3041912146606e-07,-2.4492502058307e-07,250,1.2517367759057,1.2072942502038,263.15
14460,2.3043790559277e-07,-2.4533782084486e-07,250,1.2517285231261,1.207288553987,263.15
14490,2.3045615582413e-07,-2.4568642454513e-07,250,1.2517212279267,1.2072845585368,263.15
14520,2.3047386394708e-07,-2.4597678542996e-07,250,1.251715667736,1.2072818854503,263.15
14550,2.3049102288559e-07,-2.4621433279109e-07,250,1.2517096495439,1.2072780774529,263.15
14580,2.3050762651245e-07,-2.4640399594955e-07,250,1.251703851654,1.2072740114034,263.15
14610,2.3052367078032e-07,-2.4655023364882e-07,250,1.2516978071668,1.207268836904,263.15
14640,2.3053915232282e-07,-2.4665706672202e-07,250,1.2516919818728,1.2072642977667,263.15
14670,2.3055406668712e-07,-2.4672811208987e-07,250,1.2516892220015,1.2072630635435,263.15
14700,2.3059851984956e-07,-2.4676661723685e-07,250,1.2516861332267,1.2072627393302,263.15
14730,2.3067113324763e-07,-2.4677549369485e-07,250,1.2516824360247,1.2072629616329,263.15
14760,2.3074067378065e-07,-2.4675734916014e-07,250,1.2516786857057,1.2072642569079,263.15
14790,2.3080714029004e-07,-2.4671451828993e-07,250,1.2516754485124,1.2072686286559,263.15
14820,2.3096231776925e-07,-2.4664909108358e-07,250,1.2516719696698,1.207272892751,263.15
14850,2.3116872749733e-07,-2.4656293895849e-07,250,1.2516680433915,1.2072759879608,263.15
14880,2.3136987249147e-07,-2.4645773864192e-07,250,1.2516631735346,1.2072779094597,263.15
14910,2.3156569428251e-07,-2.4633499382424e-07,250,1.2516575545261,1.207279814092,263.15
14940,2.3175613811419e-07,-2.4619605467934e-07,250,1.251651811709,1.2072835533808,263.15
14970,2.3194115213434e-07,-2.4604213550878e-07,250,1.2516478317032,1.207286782801,263.15
15000,2.3212068917329e-07,-2.4587433067834e-07,250,1.2516465917093,1.2072890763345,263.15
15030,2.3229470686535e-07,-2.456936284662e-07,250,1.2516451666191,1.2072897235102,263.15
15060,2.3246316672824e-07,-2.4550092385184e-07,250,1.2516430303895,1.207288091239,263.15
15090,2.3262603367061e-07,-2.4529703024241e-07,250,1.2516412952763,1.2072855189635,263.15
15120,2.3278327586414e-07,-2.4508268801805e-07,250,1.251639790455,1.2072824510171,263.15
15150,2.3293486481393e-07,-2.4485857298373e-07,250,1.2516380238284,1.2072790789595,263.15
15180,2.3308077541674e-07,-2.4462530417231e-07,250,1.2516360661795,1.2072749303768,263.15
15210,2.3322098602763e-07,-2.4438345122278e-07,250,1.2516332381221,1.2072687651094,263.15
15240,2.3335547842136e-07,-2.4413353853762e-07,250,1.2516300822499,1.2072617013417,263.15
15270,2.3348423789825e-07,-2.4387605105369e-07,250,1.2516268973429,1.2072569483458,263.15
15300,2.3360725295371e-07,-2.436114385947e-07,250,1.2516238261931,1.2072571687204,263.15
15330,2.3372451506438e-07,-2.4365786165939e-07,250,1.2516223196345,1.2072598185987,263.15
15360,2.3383601870583e-07,-2.4377932662706e-07,250,1.2516212313802,1.2072626389649,263.15
15390,2.3394176143839e-07,-2.438997465987e-07,250,1.2516226843877,1.2072650589092,263.15
15420,2.340417439722e-07,-2.4401913433113e-07,250,1.2516244426705,1.2072672277595,263.15
15450,2.3413597016602e-07,-2.4413750268933e-07,250,1.2516252010643,1.2072671285607,263.15
15480,2.3422444697883e-07,-2.4425486463803e-07,250,1.2516259481427,1.2072657348295,263.15
15510,2.3430718439232e-07,-2.4437123321883e-07,250,1.2516266155587,1.2072623176766,263.15
15540,2.3438419531108e-07,-2.4448662151312e-07,250,1.2516263003594,1.2072572254843,263.15
15570,2.3445549545976e-07,-2.4460104264147e-07,250,1.251625432937,1.2072500642002,263.15
15600,2.345211034588e-07,-2.4471450974473e-07,250,1.2516238150394,1.2072419031127,263.15
15630,2.3458104049544e-07,-2.4482703596434e-07,250,1.2516220887735,1.2072326122509,263.15
15660,2.3463533020992e-07,-2.4493863442506e-07,250,1.2516198858227,1.2072225945942,263.15
15690,2.3468399901919e-07,-2.4504931820271e-07,250,1.2516174787745,1.207212486924,263.15
15720,2.3472707525045e-07,-2.4515910034135e-07,250,1.2516146628174,1.2072019567079,263.15
15750,2.3476458917854e-07,-2.4526799384333e-07,250,1.251611287442,1.2071897725837,263.15
15780,2.3479657316579e-07,-2.4537601160111e-07,250,1.2516095804111,1.2071780975786,263.15
15810,2.3482306162802e-07,-2.4548316643333e-07,250,1.2516118837555,1.2071677171192,263.15
15840,2.3484409107074e-07,-2.4558947109465e-07,250,1.2516135018394,1.207154975088,263.15
15870,2.3485969829517e-07,-2.4569493818801e-07,250,1.251614756761,1.2071406793862,263.15
15900,2.3486992443605e-07,-2.4579958019521e-07,250,1.251615524273,1.2071269454607,263.15
15930,2.3487481475791e-07,-2.4590340960666e-07,250,1.2516167042401,1.2071129965241,263.15
15960,2.3487441655704e-07,-2.4600623630553e-07,250,1.2516218245926,1.2071016748443,263.15
15990,2.3486874148125e-07,-2.461060324427e-07,250,1.2516265955763,1.2070910823438,263.15
16020,2.3485785350872e-07,-2.4620292370518e-07,250,1.2516303848529,1.2070792493254,263.15
16050,2.3484181768434e-07,-2.4629701368507e-07,250,1.2516335491955,1.2070657235218,263.15
16080,2.3482069837781e-07,-2.4638839752763e-07,250,1.251635936014,1.207050865633,263.15
16110,2.3479455979784e-07,-2.4647715937122e-07,250,1.2516373157123,1.207034329063,263.15
16140,2.3476346627991e-07,-2.4656337782001e-07,250,1.2516386286953,1.2070167222634,263.15
16170,2.3472745704325e-07,-2.4664712679584e-07,250,1.2516404584644,1.2069982248548,263.15
16200,2.3468656604625e-07,-2.4672847606059e-07,250,1.2516425094337,1.2069787761819,263.15
16230,2.3464084994169e-07,-2.4680749159542e-07,250,1.2516443521367,1.2069586062315,263.15
16260,2.3459036604815e-07,-2.4688423591599e-07,250,1.2516464574486,1.2069398648923,263.15
16290,2.3453517246654e-07,-2.4695876367942e-07,250,1.2516486942069,1.2069207894425,263.15
16320,2.3447532806832e-07,-2.4703109496796e-07,250,1.2516507652007,1.2069015377608,263.15
16350,2.3441089226755e-07,-2.4710128329193e-07,250,1.2516524306185,1.2068835120106,263.15
16380,2.3434192495185e-07,-2.4716937892066e-07,250,1.251653538609,1.2068643126991,263.15
16410,3.1718086146984e-07,-2.4723542851568e-07,250,1.2516543355658,1.2068445742485,263.15
16440,4.1403856883396e-07,-2.4729947770265e-07,250,1.2516556587014,1.2068276930066,263.15
16470,5.1236376751177e-07,-2.4736156977356e-07,250,1.2516582348251,1.2068133563921,263.15
16500,6.1341215683361e-07,-2.4742174584732e-07,250,1.2516606368329,1.2068039508286,263.15
16530,7.1929268572752e-07,-2.4748004489417e-07,250,1.251663242058,1.2067953100583,263.15
16560,8.2454713292616e-07,-2.4753650384954e-07,250,1.25166516962,1.2067871730798,263.15
16590,9.2893850514643e-07,-2.4759115778725e-07,250,1.251666339688,1.2067773539948,263.15
16620,1.0332539565151e-06,-2.4764403998564e-07,250,1.2516667472831,1.2067666165194,263.15
16650,1.1297419312439e-06,-2.4769518207467e-07,250,1.2516669461639,1.2067572080337,263.15
16680,8.006627685718e-07,-2.4774461404684e-07,250,1.2516667187897,1.2067500819221,263.15
16710,6.3900589045426e-07,-1.362718587898e-06,250,1.2516653681859,1.2067415548387,263.15
16740,6.4794312330405e-07,-1.4855302234222e-06,250,1.2516637165169,1.2067313425084,263.15
16770,6.0498740668581e-07,-1.0097548695307e-06,250,1.2516634224355,1.2067219411304,263.15
16800,5.1777805592029e-07,-7.0124831326473e-07,250,1.251662633461,1.2067121389031,263.15
16830,5.2983379605866e-07,-5.1061020696046e-07,250,1.2516605876308,1.2067039509577,263.15
16860,5.4568533004187e-07,-3.0678293396427e-07,250,1.2516575372649,1.2066970313153,263.15
16890,5.6963371583606e-07,-2.4804498490369e-07,250,1.2516540355788,1.2066889406999,263.15
16920,5.9906971620943e-07,-2.4808165479801e-07,250,1.2516507373692,1.206683464115,263.15
16950,6.2952711844656e-07,-2.481168268493e-07,250,1.2516475960856,1.2066762409988,263.15
16980,6.5753727165111e-07,-2.4815051935184e-07,250,1.2516449297098,1.206669371808,263.15
17010,6.8053684417402e-07,-2.4818274976737e-07,250,1.2516415533645,1.206662033602,263.15
17040,6.9546179036336e-07,-2.4821353475001e-07,250,1.2516380846651,1.2066535480778,263.15
17070,7.0582905738107e-07,-2.4824289021822e-07,250,1.251634607654,1.2066430894332,263.15
17100,7.3994610886373e-07,-2.4827083141514e-07,250,1.2516313145157,1.2066312005591,263.15
17130,7.7385993580213e-07,-2.4829737304806e-07,250,1.251629722072,1.2066213730672,263.15
17160,6.744631496474e-07,-2.4832252927772e-07,250,1.251629506899,1.206612752211,263.15
17190,5.4203008852165e-07,-2.4834631364698e-07,250,1.2516293975872,1.2066029543,263.15
17220,4.3939000060251e-07,-2.4836873898876e-07,250,1.2516297588695,1.2065940786962,263.15
17250,3.7989135342449e-07,-2.4838981741095e-07,250,1.2516298103724,1.2065846507161,263.15
17280,3.5574695188423e-07,-2.4840956041018e-07,250,1.2516307894957,1.2065748785405,263.15
17310,3.646573533912e-07,-2.4842797909719e-07,250,1.251631581293,1.2065661075145,263.15
17340,3.9789382947932e-07,-2.4844508421384e-07,250,1.2516319975246,1.2065562315098,263.15
17370,4.2794020476953e-07,-2.4846088591121e-07,250,1.2516334723502,1.2065488934058,263.15
17400,4.5612413543492e-07,-2.4847539386295e-07,250,1.2516342674008,1.2065405902334,263.15
17430,4.8298249864617e-07,-2.4848861729492e-07,250,1.2516346033679,1.2065316024598,263.15
17460,5.0864366162236e-07,-2.4850056511413e-07,250,1.2516342914034,1.2065240380386,263.15
17490,5.3291633751258e-07,-2.4851124592584e-07,250,1.251633908265,1.2065164039996,263.15
17520,5.5524803172943e-07,-2.4852066800776e-07,250,1.2516332621684,1.2065081485549,263.15
17550,7.0981556196963e-07,-2.4852883942711e-07,250,1.2516321488742,1.206499304545,263.15
17580,6.7838587119612e-07,-2.4853576787523e-07,250,1.251630059006,1.2064898582589,263.15
17610,5.9542504848358e-07,-2.4854146045312e-07,250,1.2516272590546,1.2064800267205,263.15
17640,5.8810256921086e-07,-2.48545923541e-07,250,1.2516237599323,1.2064697517882,263.15
17670,5.5715847923042e-07,-2.4854916294697e-07,250,1.2516199538364,1.2064580972604,263.15
17700,4.8533330973262e-07,-2.4855118413869e-07,250,1.2516157629864,1.2064453794873,263.15
17730,3.4563146151709e-07,-3.6475708338089e-07,250,1.2516113801943,1.2064334245643,263.15
17760,2.3349209508749e-07,-4.7926958482075e-07,250,1.2516088182813,1.2064243875497,263.15
17790,2.3354044960175e-07,-5.0435042339339e-07,250,1.2516068663132,1.2064153410598,263.15
17820,2.3358799398952e-07,-4.0932660228237e-07,250,1.2516045676854,1.2064067246019,263.15
17850,2.3363476580482e-07,-2.8169687969228e-07,250,1.2516018652802,1.2063976617277,263.15
17880,2.3368080069533e-07,-2.4853803243445e-07,250,1.2515986899336,1.2063887429743,263.15
17910,2.3372613244015e-07,-2.4853168057956e-07,250,1.2515951036341,1.2063792076855,263.15
17940,2.337707930066e-07,-2.4852415644335e-07,250,1.2515910395362,1.2063689176395,263.15
17970,2.3381481265668e-07,-2.4851546654269e-07,250,1.251587203358,1.2063581370677,263.15
18000,2.3385822000615e-07,-2.4850561765887e-07,250,1.2515830225743,1.2063473724837,263.15
18030,2.339010420551e-07,-2.4849461688727e-07,250,1.2515778095472,1.2063350101463,263.15
18060,2.3394330422536e-07,-2.4848247159512e-07,250,1.2515722558841,1.2063213274699,263.15
18090,2.3398503040358e-07,-2.4846918910757e-07,250,1.251566787662,1.206307918651,263.15
18120,2.3402624299642e-07,-2.4845477627498e-07,250,1.2515619682404,1.2062936833432,263.15
18150,2.34066962988e-07,-2.4843923930406e-07,250,1.251556955579,1.2062789187908,263.15
18180,2.3410720999251e-07,-2.4842258387314e-07,250,1.2515515474663,1.2062639739035,263.15
18210,2.3414700227115e-07,-2.484048153026e-07,250,1.251547699984,1.2062490245359,263.15
18240,2.3418635681786e-07,-2.4838593878131e-07,250,1.2515437081348,1.2062332456369,263.15
18270,2.342252893273e-07,-2.4836595968505e-07,250,1.2515396460926,1.2062173959868,263.15
18300,2.3426381434233e-07,-2.483448836691e-07,250,1.2515345867703,1.2062016267304,263.15
18330,2.3430194538064e-07,-2.4832271666516e-07,250,1.2515296223645,1.2061865773805,263.15
18360,2.3433969499812e-07,-2.4829946490685e-07,250,1.2515240064959,1.2061721347735,263.15
18390,2.343770748599e-07,-2.482751350152e-07,250,1.2515192868367,1.2061583694246,263.15
18420,2.3441409583269e-07,-2.482497338817e-07,250,1.251514930284,1.2061464141196,263.15
18450,2.3445076766022e-07,-2.4822326858276e-07,250,1.2515115247975,1.2061369982591,263.15
18480,2.3448709900356e-07,-2.4819574663669e-07,250,1.2515095583187,1.2061297851569,263.15
18510,2.3452309765003e-07,-2.4816717576105e-07,250,1.251510939452,1.2061210252741,263.15
18540,2.3455877065201e-07,-2.4813756365294e-07,250,1.2515137985823,1.2061134748763,263.15
18570,2.3459412436495e-07,-2.4810691547578e-07,250,1.2515173366605,1.2061083701616,263.15
18600,2.3462916446531e-07,-2.4807521301238e-07,250,1.2515205015321,1.2061118559245,263.15
18630,2.3466389596946e-07,-2.4804246883644e-07,250,1.2515232945909,1.2061174079379,263.15
18660,2.3469832324739e-07,-2.4800869456301e-07,250,1.2515258605176,1.2061239651924,263.15
18690,2.3473245005147e-07,-2.4797390071818e-07,250,1.2515291643947,1.206132060404,263.15
18720,2.347662795492e-07,-2.4793809701741e-07,250,1.2515324847475,1.2061398911631,263.15
18750,2.3479981431902e-07,-2.4790129260802e-07,250,1.2515349493311,1.2061462261369,263.15
18780,2.3483305626772e-07,-2.4786349643748e-07,250,1.2515365602947,1.2061543128572,263.15
18810,2.3486600687148e-07,-2.4782471755197e-07,250,1.2515372837209,1.2061605282886,263.15
18840,2.3489866732283e-07,-2.4778496505927e-07,250,1.251537300782,1.2061643683181,263.15
18870,2.3493103812473e-07,-2.4774424799051e-07,250,1.251537007345,1.2061659363938,263.15
18900,2.4264397190261e-07,-2.4770257510184e-07,250,1.2515358648025,1.2061656863544,263.15
18930,2.8589880480258e-07,-2.4765995480159e-07,250,1.2515340170814,1.206165701702,263.15
18960,3.2926476375793e-07,-2.4761639547321e-07,250,1.2515316386258,1.2061670223391,263.15
18990,3.7441412308354e-07,-2.4757190571755e-07,250,1.2515285696484,1.2061667957085,263.15
19020,4.2071075982377e-07,-2.4752649407039e-07,250,1.2515245446845,1.2061645756224,263.15
19050,4.6771460708354e-07,-2.474801688765e-07,250,1.2515196824696,1.2061609641439,263.15
19080,5.1592364984245e-07,-2.4743293806482e-07,250,1.2515141181479,1.2061568605968,263.15
19110,5.6582988780721e-07,-2.4738480923334e-07,250,1.2515080022444,1.2061527231928,263.15
19140,6.1791944115401e-07,-2.4733579053003e-07,250,1.251501018799,1.2061475149792,263.15
19170,6.7267335298605e-07,-2.4728589026962e-07,250,1.25149364834,1.2061407943876,263.15
19200,7.2822095326226e-07,-2.4723511701244e-07,250,1.2514859689877,1.2061331866355,263.15
19230,7.836426647388e-07,-2.4718347952539e-07,250,1.2514784484457,1.2061252100009,263.15
19260,8.3871336968366e-07,-2.4713098676302e-07,250,1.2514711761957,1.2061166273064,263.15
19290,8.9281474431824e-07,-2.4707764790084e-07,250,1.2514638922911,1.2061090961678,263.15
19320,9.4444541791607e-07,-2.470234723771e-07,250,1.25145607758,1.2061017973935,263.15
19350,9.898797833224e-07,-2.4696846987341e-07,250,1.2514480030153,1.2060944028052,263.15
19380,1.0188313355442e-06,-2.4691265013701e-07,250,1.2514394296642,1.2060863372015,263.15
19410,9.9839334455483e-07,-2.4685602294703e-07,250,1.251430259136,1.2060795730961,263.15
19440,9.7869793890775e-07,-2.4679859803137e-07,250,1.2514204473761,1.2060732697472,263.15
19470,9.6102310560213e-07,-2.467403849303e-07,250,1.2514098925763,1.2060654177773,263.15
19500,8.7094377549586e-07,-1.0385115294003e-06,250,1.2513990195817,1.2060563936817,263.15
19530,7.0601504191395e-07,-1.3088867135988e-06,250,1.2513885176481,1.2060468702011,263.15
19560,7.0739404857905e-07,-1.4500557428338e-06,250,1.2513774885795,1.2060353682846,263.15
19590,6.8798868998374e-07,-1.3807361545055e-06,250,1.2513656651463,1.2060227559011,263.15
19620,6.4140462480088e-07,-1.218350586346e-06,250,1.2513540200185,1.2060089507258,263.15
19650,4.2897444125241e-07,-1.1708487855948e-06,250,1.2513422173585,1.2059940861388,263.15
19680,4.4487165894287e-07,-9.1603223467355e-07,250,1.2513308170664,1.2059784419834,263.15
19710,4.5649051321225e-07,-6.8881202284679e-07,250,1.2513196689237,1.2059635440169,263.15
19740,4.5729930511946e-07,-5.1296917850161e-07,250,1.2513084008396,1.205949297624,263.15
19770,4.3914519735464e-07,-3.4144467329471e-07,250,1.2512968467314,1.2059347922336,263.15
19800,4.1008816413351e-07,-3.171737591985e-07,250,1.2512845989235,1.2059195130711,263.15
19830,3.9267488716535e-07,-2.6334132253639e-07,250,1.2512715783634,1.2059031423868,263.15
19860,3.9693058849097e-07,-2.4591627475055e-07,250,1.2512582804637,1.2058858847125,263.15
19890,4.1144827667775e-07,-2.4584804773627e-07,250,1.2512443179469,1.2058678373953,263.15
19920,3.0401798071494e-07,-2.457791788854e-07,250,1.2512305627292,1.2058493027672,263.15
19950,3.2097345200109e-07,-2.4570967829416e-07,250,1.2512168912608,1.2058326827917,263.15
19980,3.5268047844146e-07,-2.4563955595984e-07,250,1.2512034307226,1.205817231134,263.15
20010,3.4532697194315e-07,-2.4556881878358e-07,250,1.2511894687546,1.2058041851664,263.15
20040,2.9497794335578e-07,-2.4549747778182e-07,250,1.2511750175396,1.2057922486842,263.15
20070,2.6227697528001e-07,-2.4542554427e-07,250,1.2511600273611,1.2057777870315,263.15
20100,2.3599241377372e-07,-2.453530296395e-07,250,1.2511446245169,1.2057607968541,263.15
20130,2.3601117476982e-07,-2.4527994538486e-07,250,1.2511290356321,1.2057429447989,263.15
20160,2.3602957178407e-07,-2.4520630317201e-07,250,1.2511129543977,1.2057252662864,263.15
20190,2.3604760414598e-07,-2.4513211489282e-07,250,1.2510961402946,1.2057076633627,263.15
20220,2.3619489895017e-07,-2.450573925526e-07,250,1.2510787730212,1.2056887512859,263.15
20250,2.3633546338642e-07,-2.4498214891241e-07,250,1.2510618702958,1.2056682960851,263.15
20280,2.3646684901799e-07,-2.4490639649513e-07,250,1.2510449734411,1.2056501044123,263.15
20310,2.3658879337498e-07,-2.4483014727643e-07,250,1.2510275491826,1.2056320660051,263.15
20340,2.3670102389908e-07,-2.4475338029162e-07,250,1.251010129078,1.2056130510164,263.15
20370,2.3680325634865e-07,-2.4469514494212e-07,250,1.2509944740154,1.2055944225886,263.15
20400,2.3689519604038e-07,-2.4472708807836e-07,250,1.2509788232273,1.2055744820734,263.15
20430,2.3697653921919e-07,-2.4475800162427e-07,250,1.250963731425,1.2055558752165,263.15
20460,2.3704697379682e-07,-2.4478788314745e-07,250,1.2509489485277,1.2055375757457,263.15
20490,2.3710618016817e-07,-2.448167300059e-07,250,1.2509341406097,1.2055174935762,263.15
20520,2.4503914754507e-07,-2.4484453933551e-07,250,1.2509195673919,1.2054954393411,263.15
20550,2.5971827894272e-07,-2.4487130804335e-07,250,1.2509048111657,1.2054743549293,263.15
20580,2.7589271912161e-07,-2.4489703281185e-07,250,1.2508895991516,1.2054534395228,263.15
20610,2.9378484680528e-07,-2.4492171013804e-07,250,1.2508743357937,1.2054331594495,263.15
20640,3.136583020999e-07,-2.4494533633972e-07,250,1.2508587828067,1.2054116769776,263.15
20670,3.3582693636566e-07,-2.4496790759569e-07,250,1.2508428072728,1.2053898761751,263.15
20700,3.6066565627142e-07,-2.4498941995132e-07,250,1.2508267409689,1.205370623069,263.15
20730,3.8862349456641e-07,-2.4500986935393e-07,250,1.250810641208,1.2053530300844,263.15
20760,4.1911979272999e-07,-2.4502925165347e-07,250,1.250795055496,1.2053367357717,263.15
20790,4.4794472882691e-07,-2.4504756259454e-07,250,1.2507797785642,1.2053202984835,263.15
20820,4.7504982264465e-07,-2.4506479777831e-07,250,1.2507642557248,1.2053024626837,263.15
20850,5.0018087644196e-07,-2.4508095275338e-07,250,1.2507486586667,1.205283970297,263.15
20880,5.2289050281402e-07,-2.4509602279215e-07,250,1.2507331412924,1.2052655179509,263.15
20910,5.4254145232881e-07,-2.45110003435e-07,250,1.250716688611,1.2052463908829,263.15
20940,5.5828115712187e-07,-2.4512289036192e-07,250,1.2507003340929,1.2052282671831,263.15
20970,5.689724384816e-07,-2.4513467929554e-07,250,1.2506842529958,1.2052111544371,263.15
21000,5.7305019054568e-07,-2.4514536596e-07,250,1.2506674914177,1.2051933276276,263.15
21030,5.6826787871936e-07,-2.45154946071e-07,250,1.2506506483189,1.2051742067214,263.15
21060,5.5134484225884e-07,-2.4516341534235e-07,250,1.2506340636102,1.2051558797046,263.15
21090,5.1773336609859e-07,-2.4517076947385e-07,250,1.2506169112651,1.2051376451461,263.15
21120,5.1286307369192e-07,-2.4517700414625e-07,250,1.2506002681183,1.2051221252742,263.15
21150,5.3175090371071e-07,-2.451821150347e-07,250,1.2505828803677,1.2051044022457,263.15
21180,5.5135228493843e-07,-2.4518609782324e-07,250,1.2505653157179,1.2050864801214,263.15
21210,5.7158067211796e-07,-2.4518894822188e-07,250,1.2505477087584,1.2050712822066,263.15
21240,5.9233336638235e-07,-2.4519066199469e-07,250,1.2505299970506,1.2050607696017,263.15
21270,6.1345236122236e-07,-3.2878100278849e-07,250,1.2505120668917,1.2050505021989,263.15
21300,6.3469509314953e-07,-4.8183956335879e-07,250,1.2504946628493,1.2050397114924,263.15
21330,6.6715540830827e-07,-3.9663196306708e-07,250,1.2504778838329,1.205027566268,263.15
21360,6.4740517629427e-07,-2.4518606812616e-07,250,1.2504625113522,1.2050153975691,263.15
21390,5.6307291451455e-07,-2.4518203729816e-07,250,1.2504479934688,1.2050041993874,263.15
21420,4.5502337200866e-07,-2.4517684572107e-07,250,1.2504346459852,1.2049949338389,263.15
21450,3.5490392237247e-07,-2.4517048962122e-07,250,1.2504220880833,1.2049883197147,263.15
21480,2.7339334483798e-07,-2.4516296529591e-07,250,1.2504097732174,1.2049838087397,263.15
21510,2.3714749424192e-07,-2.4515426910808e-07,250,1.2503975062318,1.2049793082907,263.15
21540,2.371138080689e-07,-2.4514439748544e-07,250,1.2503846344692,1.2049728809326,263.15
21570,2.3707264736974e-07,-2.4513334691446e-07,250,1.2503715445172,1.2049670467541,263.15
21600,2.3702397799871e-07,-2.4512111393671e-07,250,1.2503583784967,1.2049615173793,263.15
21630,2.3696778156466e-07,-2.4510769514703e-07,250,1.2503446541915,1.2049562633216,263.15
21660,2.3690429817417e-07,-2.4509308720385e-07,250,1.2503309385186,1.2049507356104,263.15
21690,2.3683360795969e-07,-2.4507728683082e-07,250,1.250317365006,1.204945380836,263.15
21720,2.3675570293384e-07,-2.4506029082282e-07,250,1.2503043097107,1.2049395365965,263.15
21750,2.3667058694481e-07,-2.4504209604803e-07,250,1.250291225445,1.2049350217953,263.15
21780,2.3657827382687e-07,-2.4502269944643e-07,250,1.2502778784386,1.2049316088717,263.15
21810,2.3650169313133e-07,-2.4500209802326e-07,250,1.2502639629631,1.2049263968946,263.15
21840,2.3650144908769e-07,-2.449802888504e-07,250,1.2502491839687,1.2049196887054,263.15
21870,2.3650094291423e-07,-2.4495726454741e-07,250,1.250234354269,1.204911386671,263.15
21900,2.3650017821991e-07,-2.4493300731776e-07,250,1.250218646544,1.2049013058983,263.15
21930,2.3649915866834e-07,-2.4490751776264e-07,250,1.2502029566708,1.2048907771753,263.15
21960,2.3649788796305e-07,-2.4488079574254e-07,250,1.2501868322307,1.2048798369456,263.15
21990,2.3649636980131e-07,-2.4485284053781e-07,250,1.2501707527351,1.204867496124,263.15
22020,2.3649460783389e-07,-2.4482365093588e-07,250,1.2501550148471,1.2048551048682,263.15
22050,2.3649260566e-07,-2.4479322533092e-07,250,1.2501403228028,1.2048429463901,263.15
22080,2.3649036684616e-07,-2.4476156180053e-07,250,1.2501260956178,1.204830518159,263.15
22110,2.3648789494058e-07,-2.4472865821026e-07,250,1.2501123005597,1.2048184456029,263.15
22140,2.3648519347997e-07,-2.4469451226633e-07,250,1.2500978427679,1.2048071637775,263.15
22170,2.3648226597165e-07,-2.4465912157725e-07,250,1.2500826572765,1.2047963320205,263.15
22200,2.3647911589679e-07,-2.446251722917e-07,250,1.2500666299006,1.2047855803361,263.15
22230,2.3647574672167e-07,-2.4466274514135e-07,250,1.2500498752815,1.2047739640574,263.15
22260,2.3647216191558e-07,-2.4470017825101e-07,250,1.2500349857263,1.2047641490971,263.15
22290,2.3646836496055e-07,-2.4473747464897e-07,250,1.250020211643,1.204754056392,263.15
22320,2.3646435934482e-07,-2.4477463738638e-07,250,1.2500047431823,1.2047428083723,263.15
22350,2.3646014855631e-07,-2.4481166928381e-07,250,1.2499891100509,1.204731219885,263.15
22380,2.3645573609621e-07,-2.4484857281131e-07,250,1.249974316127,1.2047202780824,263.15
22410,2.3645112542318e-07,-2.448853501386e-07,250,1.2499599677163,1.2047089742617,263.15
22440,2.3644631995069e-07,-2.4492200332465e-07,250,1.2499459358487,1.2046993374154,263.15
22470,2.364413231073e-07,-2.4495853446308e-07,250,1.2499331662066,1.2046899175708,263.15
22500,2.3643613804055e-07,-2.4499494564281e-07,250,1.2499210868058,1.2046801939134,263.15
22530,2.364307679211e-07,-2.4503123896606e-07,250,1.2499085626684,1.2046696679201,263.15
22560,2.3642521608771e-07,-2.4506741650738e-07,250,1.2498955875083,1.2046584425021,263.15
22590,2.3641948583521e-07,-2.4510348034342e-07,250,1.2498818693481,1.2046466721726,263.15
22620,2.3641358037681e-07,-2.4513943251107e-07,250,1.249867354192,1.2046332435562,263.15
22650,2.364075029213e-07,-2.451752750148e-07,250,1.2498523176046,1.2046181574925,263.15
22680,2.3640125651142e-07,-2.4521100991637e-07,250,1.2498372719857,1.2046053278362,263.15
22710,2.3639484425093e-07,-2.4524663932539e-07,250,1.2498234864011,1.204594343173,263.15
22740,2.3638826951116e-07,-2.4528216523803e-07,250,1.2498092970126,1.2045815274046,263.15
22770,2.3638153583072e-07,-2.4531758943548e-07,250,1.2497948496327,1.2045671010021,263.15
22800,2.3674275565327e-07,-2.4535291346524e-07,250,1.2497820813462,1.2045527857694,263.15
22830,2.3716704528713e-07,-2.4538813876263e-07,250,1.2497711137985,1.2045403932185,263.15
22860,2.3757838430818e-07,-2.4542326665664e-07,250,1.2497596336557,1.2045284938552,263.15
22890,2.3797488780049e-07,-2.4545826866882e-07,250,1.2497480311736,1.2045155781978,263.15
22920,2.3835452341215e-07,-2.4549309828053e-07,250,1.2497391346916,1.2045037936624,263.15
22950,2.3871510527044e-07,-2.4552781087312e-07,250,1.2497303690836,1.2044934363188,263.15
22980,2.3905428862172e-07,-2.4556244089981e-07,250,1.2497210154549,1.2044853572705,263.15
23010,2.3936956535038e-07,-2.4559700696675e-07,250,1.2497120608648,1.2044783309198,263.15
23040,2.3965826058691e-07,-2.4563151691895e-07,250,1.2497029392884,1.2044707619518,263.15
23070,2.3991753068697e-07,-2.4566597187249e-07,250,1.2496946556183,1.2044651993858,263.15
23100,2.4014436250279e-07,-2.457003689669e-07,250,1.2496864333653,1.2044604962947,263.15
23130,2.4033557657297e-07,-2.4573470309231e-07,250,1.249678616274,1.2044556951586,263.15
23160,2.4048783105058e-07,-2.4576896804042e-07,250,1.2496701885571,1.2044521710694,263.15
23190,2.4059762705835e-07,-2.4580315719338e-07,250,1.2496616423393,1.204448508667,263.15
23220,2.4066131676225e-07,-2.4583726403358e-07,250,1.2496530490605,1.204445095479,263.15
23250,2.4067511391522e-07,-2.4587128244492e-07,250,1.249644542503,1.2044413830002,263.15
23280,2.4063510637477e-07,-2.4590520683478e-07,250,1.2496360975666,1.2044366734682,263.15
23310,2.4053726838316e-07,-2.4593903224523e-07,250,1.2496269432535,1.2044313977409,263.15
23340,2.4037746792027e-07,-2.4597275445337e-07,250,1.2496170433468,1.2044250394423,263.15
23370,2.4015145877923e-07,-2.4600636995969e-07,250,1.2496068278136,1.2044165522162,263.15
23400,2.3985483125055e-07,-2.4603987601606e-07,250,1.249596036429,1.2044064182258,263.15
23430,2.394828487072e-07,-2.460732706187e-07,250,1.2495848888666,1.2043948618541,263.15
23460,2.3902994063754e-07,-2.461065524661e-07,250,1.2495740101841,1.2043822438082,263.15
23490,2.3848795890935e-07,-2.4613972096572e-07,250,1.2495628066429,1.2043675598029,263.15
23520,2.3783854305226e-07,-2.461727762361e-07,250,1.2495515486703,1.2043520964791,263.15
23550,2.3699929032557e-07,-2.4620571899025e-07,250,1.2495395949151,1.204335512559,263.15
23580,2.3615035419119e-07,-2.4623855028744e-07,250,1.2495271484254,1.204316172818,263.15
23610,2.3614031260315e-07,-2.4627127128254e-07,250,1.2495139649953,1.2042977269526,263.15
23640,2.3613018706533e-07,-2.4630388310579e-07,250,1.2495001291949,1.2042774106081,263.15
23670,2.3611997936132e-07,-2.4633638677628e-07,250,1.2494858490281,1.204255177463,263.15
23700,2.3610969116333e-07,-2.4636878328436e-07,250,1.2494711324764,1.2042317237467,263.15
23730,2.3609932398253e-07,-2.4640107370489e-07,250,1.249456195617,1.2042079340029,263.15
23760,2.3608891054685e-07,-2.4643325918785e-07,250,1.2494406304977,1.2041845860984,263.15
23790,2.3607847921448e-07,-2.4646534079161e-07,250,1.2494249765555,1.2041598072802,263.15
23820,2.3606802581898e-07,-2.4649731952257e-07,250,1.2494094378392,1.2041333194924,263.15
23850,2.3605754592897e-07,-2.4652919635745e-07,250,1.2493945060307,1.2041070703984,263.15
23880,2.3604703456341e-07,-2.4656097238627e-07,250,1.2493795436409,1.204082257511,263.15
23910,2.3603648646223e-07,-2.4659264888725e-07,250,1.2493646634053,1.2040592924275,263.15
23940,2.3602589644889e-07,-2.466242272492e-07,250,1.2493500810323,1.2040362790793,263.15
23970,2.3601525968742e-07,-2.4665570884082e-07,250,1.2493368761208,1.2040130116054,263.15
24000,2.3600457182035e-07,-2.4668709484351e-07,250,1.2493237002006,1.2039899177204,263.15
24030,2.3599382901048e-07,-2.4671838629157e-07,250,1.2493104786177,1.2039658461985,263.15
24060,2.3598302794064e-07,-2.46749584141e-07,250,1.2492975616614,1.2039421478358,263.15
24090,2.3597216568725e-07,-2.4678068945361e-07,250,1.2492850072775,1.2039183733173,263.15
24120,2.3596123975545e-07,-2.4681170351207e-07,250,1.249272565828,1.2038942932837,263.15
24150,2.3595024819261e-07,-2.4684262762102e-07,250,1.2492597929758,1.2038708829465,263.15
24180,2.3593918960369e-07,-2.4687346283438e-07,250,1.2492463443761,1.2038463722767,263.15
24210,2.359280629777e-07,-2.4690420957937e-07,250,1.2492323218439,1.2038204579512,263.15
24240,2.3591686755844e-07,-2.4693486754095e-07,250,1.2492178882807,1.2037946074924,263.15
24270,2.359056028783e-07,-2.4696543584544e-07,250,1.2492028261664,1.2037679779847,263.15
24300,2.3589426879133e-07,-2.4699591338242e-07,250,1.2491872331145,1.2037400209122,263.15
24330,2.3588286545577e-07,-2.470262990579e-07,250,1.2491716914732,1.2037109421289,263.15
24360,2.3587139328006e-07,-2.4705659192345e-07,250,1.2491555795242,1.2036821808267,263.15
24390,2.3585985286818e-07,-2.4708679129642e-07,250,1.2491387687544,1.2036519232944,263.15
24420,2.3584824497161e-07,-2.4711689678721e-07,250,1.2491221765013,1.2036194997638,263.15
24450,2.358365704509e-07,-2.4714690829884e-07,250,1.2491054632646,1.2035871546143,263.15
24480,2.3582483026074e-07,-2.4717682627758e-07,250,1.2490893706204,1.2035559126007,263.15
24510,2.3581302543866e-07,-2.4720665180641e-07,250,1.2490730618299,1.2035269888059,263.15
24540,2.3580115708079e-07,-2.4723638623306e-07,250,1.2490568519344,1.2035001875461,263.15
24570,2.3578922615011e-07,-2.4726603049244e-07,250,1.249043624913,1.2034736509806,263.15
24600,2.3584773161311e-07,-2.472955846603e-07,250,1.2490305632623,1.2034484678698,263.15
24630,2.3590727885092e-07,-2.4732504693361e-07,250,1.2490169399553,1.2034211798318,263.15
24660,2.3596648143318e-07,-2.4735441441275e-07,250,1.2490030654047,1.2033931901767,263.15
24690,2.3602523451248e-07,-2.4738368592131e-07,250,1.2489895846996,1.2033651613808,263.15
24720,2.3608353521254e-07,-2.4741286011216e-07,250,1.2489756169425,1.2033395034801,263.15
24750,2.3614137941263e-07,-2.4744193549752e-07,250,1.2489612498784,1.2033129946277,263.15
24780,2.3619876317376e-07,-2.4747091064435e-07,250,1.2489465852916,1.203284961475,263.15
24810,2.3625568378049e-07,-2.4749978434545e-07,250,1.2489318039327,1.2032571216791,263.15
24840,2.3631213994177e-07,-2.4752855569642e-07,250,1.2489172898274,1.2032276180381,263.15
24870,2.3636813202718e-07,-2.4755722386884e-07,250,1.2489035581519,1.2031981224186,263.15
24900,2.3642366239079e-07,-2.4758578805214e-07,250,1.2488896295018,1.2031697222081,263.15
24930,2.3647873527346e-07,-2.4761424752023e-07,250,1.2488757302811,1.2031450329238,263.15
24960,2.3653335633054e-07,-2.4764260165057e-07,250,1.2488614979213,1.2031199455115,263.15
24990,2.3658753218625e-07,-2.4767085016027e-07,250,1.2488473048801,1.203093703285,263.15
25020,2.3664127025668e-07,-2.4769899254521e-07,250,1.2488334245119,1.2030671166721,263.15
25050,2.3669457861057e-07,-2.4772702886493e-07,250,1.2488189051745,1.2030390773639,263.15
25080,2.3674746584598e-07,-2.477549593865e-07,250,1.2488041899714,1.2030108342505,263.15
25110,2.3679994100712e-07,-2.4778278429423e-07,250,1.2487885594685,1.2029813986895,263.15
25140,2.3685201349366e-07,-2.4781050358822e-07,250,1.2487719081023,1.2029519068372,263.15
25170,2.3690369299467e-07,-2.4783811705047e-07,250,1.248754909555,1.2029213101676,263.15
25200,2.3695498943304e-07,-2.4786562431562e-07,250,1.2487381709032,1.202890679117,263.15
25230,2.3700591292105e-07,-2.4789302492946e-07,250,1.2487207746966,1.2028595614376,263.15
25260,2.3705647374358e-07,-2.4792031840766e-07,250,1.2487030848051,1.2028265216809,263.15
25290,2.3710668234437e-07,-2.4794750434323e-07,250,1.2486852218187,1.2027923307066,263.15
25320,2.3715654931751e-07,-2.4797458249067e-07,250,1.2486679756761,1.202759042323,263.15
25350,2.3720608539417e-07,-2.4800155269148e-07,250,1.2486504921082,1.2027269597016,263.15
25380,2.3725530128978e-07,-2.4802841473734e-07,250,1.2486333450949,1.2026971461905,263.15
25410,2.3730420769938e-07,-2.4805516830474e-07,250,1.2486170217736,1.2026680971792,263.15
25440,2.3735281508401e-07,-2.4808181297079e-07,250,1.2486012518557,1.2026376500518,263.15
25470,2.374011138393e-07,-2.4810834829741e-07,250,1.2485853290856,1.2026065028379,263.15
25500,2.3744911436479e-07,-2.4813477370002e-07,250,1.2485693302971,1.2025740523731,263.15
25530,2.3749684410107e-07,-2.4816108826477e-07,250,1.2485531690512,1.2025396435059,263.15
25560,2.3754432952812e-07,-2.4818729069475e-07,250,1.2485366454696,1.2025044446938,263.15
25590,2.3759159257611e-07,-2.4821331538112e-07,250,1.2485203439493,1.2024725753013,263.15
25620,2.3763865126557e-07,-2.4823910863358e-07,250,1.248503666544,1.2024408284078,263.15
25650,2.3768552078189e-07,-2.4826465232809e-07,250,1.248486400078,1.2024166334328,263.15
25680,2.3773221435841e-07,-2.4828994564841e-07,250,1.248468323067,1.2023935774299,263.15
25710,2.3777874391564e-07,-2.4831499360823e-07,250,1.248449418117,1.2023696446254,263.15
25740,2.3782512044026e-07,-2.4833980141608e-07,250,1.2484296036975,1.2023449867243,263.15
25770,2.3787135411998e-07,-2.4836437373107e-07,250,1.2484099012012,1.2023202662675,263.15
25800,2.3791745459247e-07,-2.4838871596101e-07,250,1.2483911521124,1.202300615895,263.15
25830,2.3796343106844e-07,-2.4841283352882e-07,250,1.2483718856354,1.2022819674139,263.15
25860,2.3800929241692e-07,-2.4843673019547e-07,250,1.2483530411879,1.2022628688345,263.15
25890,2.3805504723907e-07,-2.484604095174e-07,250,1.2483341840605,1.2022435143434,263.15
25920,2.381007039186e-07,-2.4848387420863e-07,250,1.248314752662,1.2022230962521,263.15
25950,2.3814627069244e-07,-2.4850712603538e-07,250,1.2482957995621,1.2022024809695,263.15
25980,2.3819175568492e-07,-2.4853016591051e-07,250,1.2482772426413,1.2021898622797,263.15
26010,2.3823716692682e-07,-2.4855299400733e-07,250,1.248259260163,1.2021755412364,263.15
26040,2.3828251235716e-07,-2.4857560994843e-07,250,1.248240800543,1.2021606658215,263.15
26070,2.3832779981065e-07,-2.4859812059787e-07,250,1.248221846409,1.2021456059887,263.15
26100,2.3837303701256e-07,-2.4862077893206e-07,250,1.2482022409765,1.2021288310148,263.15
26130,2.384182315642e-07,-2.4864356884955e-07,250,1.2481825909594,1.2021121486302,263.15
26160,2.3846339092972e-07,-2.4866647601515e-07,250,1.2481634038094,1.202095100405,263.15
26190,2.3850852243631e-07,-2.4868948751398e-07,250,1.2481451204207,1.2020771823535,263.15
26220,2.3855363331106e-07,-2.4871259173821e-07,250,1.248127480328,1.2020583571992,263.15
26250,2.3859873056225e-07,-2.4873577832272e-07,250,1.2481096410737,1.2020403472858,263.15
26280,2.3864381772851e-07,-2.4875903823562e-07,250,1.2480914708215,1.2020216287423,263.15
26310,2.3868889209495e-07,-2.4878236367043e-07,250,1.2480726942507,1.2020015019676,263.15
26340,2.3873396040441e-07,-2.4880574779582e-07,250,1.2480543275871,1.2019836346374,263.15
26370,2.3877902930066e-07,-2.4882918445615e-07,250,1.2480353406333,1.2019668612871,263.15
26400,2.3882410532211e-07,-2.488526679761e-07,250,1.2480165470038,1.2019511439793,263.15
26430,2.3886919486016e-07,-2.4887619310798e-07,250,1.2479975987595,1.2019342250432,263.15
26460,2.3891430414675e-07,-2.4889975511145e-07,250,1.2479781571304,1.2019165840109,263.15
26490,2.3895943925345e-07,-2.4892331977621e-07,250,1.2479583979859,1.2018982092091,263.15
26520,2.3900460623275e-07,-2.4894677808819e-07,250,1.2479379127964,1.2018790826538,263.15
26550,2.3904981090907e-07,-2.4897013417227e-07,250,1.2479172924189,1.2018593280483,263.15
26580,2.3909505879229e-07,-2.4899339149511e-07,250,1.2478963902063,1.2018384530779,263.15
26610,2.3914035520538e-07,-2.4901655303569e-07,250,1.2478750553215,1.2018187805937,263.15
26640,2.3918570528441e-07,-2.4903962134827e-07,250,1.247852805329,1.201801266803,263.15
26670,2.3923111395869e-07,-2.4906259866122e-07,250,1.2478312366703,1.2017864396302,263.15
26700,2.392765858682e-07,-2.4908548701819e-07,250,1.2478112593897,1.2017724723933,263.15
26730,2.393221253297e-07,-2.4910828837474e-07,250,1.2477908630484,1.2017602429937,263.15
26760,2.3936773647544e-07,-2.4913100467701e-07,250,1.2477712803848,1.2017486580765,263.15
26790,2.3941342375289e-07,-2.4915363789517e-07,250,1.2477514705409,1.2017370000226,263.15
26820,2.3945919175686e-07,-2.4917619010366e-07,250,1.2477317385799,1.2017261011781,263.15
26850,2.395050449969e-07,-2.4919866349974e-07,250,1.247711698136,1.201715347632,263.15
26880,2.3955098775539e-07,-2.4922106033096e-07,250,1.2476916301638,1.2017045382293,263.15
26910,2.395970240413e-07,-2.4924338295128e-07,250,1.2476712909447,1.2016937888976,263.15
26940,2.39643157623e-07,-2.4926563385221e-07,250,1.2476507253915,1.2016833393623,263.15
26970,2.3968939207211e-07,-2.4928781565373e-07,250,1.2476298626539,1.2016718999569,263.15
27000,2.3973573064812e-07,-2.4930992271921e-07,250,1.247608511028,1.201660095956,263.15
27030,2.3978217581057e-07,-2.4933194999433e-07,250,1.247587118499,1.2016493128103,263.15
27060,2.3982873092445e-07,-2.4935390550393e-07,250,1.2475663528006,1.2016405993552,263.15
27090,2.3987539891633e-07,-2.4937579739974e-07,250,1.2475462267123,1.2016319934995,263.15
27120,2.3992218243674e-07,-2.4939763269431e-07,250,1.2475258866409,1.2016234233417,263.15
27150,2.3996908393449e-07,-2.4941941745984e-07,250,1.2475050496562,1.2016159785134,263.15
27180,2.4001610567467e-07,-2.4944117265347e-07,250,1.2474841705901,1.2016081694472,263.15
27210,2.4006324974903e-07,-2.4946291565423e-07,250,1.2474631680646,1.2015996690593,263.15
27240,2.401105180755e-07,-2.4948464860371e-07,250,1.2474416570797,1.2015904197176,263.15
27270,2.4015791237559e-07,-2.4950637340755e-07,250,1.247420211561,1.2015797758204,263.15
27300,2.4020543419293e-07,-2.4952809301092e-07,250,1.2473993257917,1.2015689431372,263.15
27330,2.4025308487742e-07,-2.4954981121214e-07,250,1.2473782373265,1.2015578042799,263.15
27360,2.4030086560401e-07,-2.4957153127415e-07,250,1.2473571891825,1.2015452144197,263.15
27390,2.4034877741449e-07,-2.4959325618901e-07,250,1.2473360719332,1.2015316670475,263.15
27420,2.4039682121367e-07,-2.4961498889643e-07,250,1.247314389003,1.2015217603793,263.15
27450,2.4044499782024e-07,-2.4963673248255e-07,250,1.2472924611527,1.2015123146658,263.15
27480,2.4049330790154e-07,-2.4965849021556e-07,250,1.2472705614585,1.201501290981,263.15
27510,2.4054175201037e-07,-2.4968026561287e-07,250,1.2472477816924,1.201488742562,263.15
27540,2.4059033055604e-07,-2.4970206245366e-07,250,1.2472242899389,1.2014748994398,263.15
27570,2.4063904379962e-07,-2.4972388470678e-07,250,1.2472000944366,1.2014606171008,263.15
27600,2.4068789182188e-07,-2.4974573657359e-07,250,1.2471752232661,1.2014454660219,263.15
27630,2.4073687429759e-07,-2.4976762240359e-07,250,1.2471518980048,1.2014296825354,263.15
27660,2.4078599101677e-07,-2.4978954711215e-07,250,1.2471298490585,1.2014126734987,263.15
27690,2.4083524159233e-07,-2.498115153944e-07,250,1.2471093379048,1.2013958991877,263.15
27720,2.4088462547064e-07,-2.4983353177494e-07,250,1.247089243697,1.2013781113367,263.15
27750,2.4093414192254e-07,-2.4985560076804e-07,250,1.2470689663632,1.2013609373608,263.15
27780,2.4098379188485e-07,-2.4987772681264e-07,250,1.2470479172092,1.2013415572718,263.15
27810,2.4103357111036e-07,-2.4989991424002e-07,250,1.2470275097879,1.2013225706078,263.15
27840,2.4108345913301e-07,-2.4992216725486e-07,250,1.2470069140097,1.2013047704669,263.15
27870,2.4113345542672e-07,-2.4994448991518e-07,250,1.2469856215117,1.2012851996904,263.15
27900,2.4118357274894e-07,-2.4996688621723e-07,250,1.2469637261378,1.2012651996518,263.15
27930,2.4123382319794e-07,-2.499893601213e-07,250,1.2469414746929,1.2012457298008,263.15
27960,2.4128421520729e-07,-2.5001191549951e-07,250,1.2469202124715,1.2012263041227,263.15
27990,2.4133475379131e-07,-2.5003455602027e-07,250,1.2468985965972,1.2012048376454,263.15
28020,2.4138544120709e-07,-2.5005728518186e-07,250,1.2468763790503,1.2011815512562,263.15
28050,2.4143624773768e-07,-2.5008046355557e-07,250,1.2468540326446,1.2011583662378,263.15
28080,2.4148712899939e-07,-2.5010417624115e-07,250,1.2468321077411,1.2011362044598,263.15
28110,2.4153812691971e-07,-2.5012845175143e-07,250,1.2468100861834,1.2011137200246,263.15
28140,2.4158925641382e-07,-2.5015330401378e-07,250,1.2467884948478,1.2010897125552,263.15
28170,2.416405205712e-07,-2.5017873603068e-07,250,1.2467667679008,1.2010657886744,263.15
28200,2.4169191754392e-07,-2.502047432897e-07,250,1.2467447653612,1.2010436336805,263.15
28230,2.417434435938e-07,-2.5023131654433e-07,250,1.2467231983926,1.2010235143005,263.15
28260,2.4179509435711e-07,-2.5025844401044e-07,250,1.2467013486991,1.2010029103674,263.15
28290,2.4184681336527e-07,-2.5028611282933e-07,250,1.2466807533523,1.2009827383125,263.15
28320,2.4189857444945e-07,-2.5031431010667e-07,250,1.2466605196924,1.2009626895085,263.15
28350,2.4195043445188e-07,-2.5034302356108e-07,250,1.2466407729651,1.200944211229,263.15
28380,2.4200241464936e-07,-2.5037224183087e-07,250,1.2466206948186,1.2009263370347,263.15
28410,2.420545108258e-07,-2.5040195468651e-07,250,1.2466003973407,1.2009071384087,263.15
28440,2.4210669699769e-07,-2.504321530954e-07,250,1.2465806432903,1.2008886373447,263.15
28470,2.4215895029301e-07,-2.5046282924712e-07,250,1.2465604840753,1.2008699232664,263.15
28500,2.4221124871367e-07,-2.5049397641416e-07,250,1.2465406310777,1.2008521967712,263.15
28530,2.4226357322944e-07,-2.505255889534e-07,250,1.2465218976275,1.2008360698355,263.15
28560,2.4232822622218e-07,-2.5055766228912e-07,250,1.2465036018004,1.2008195476374,263.15
28590,2.4239866236557e-07,-2.5059019279296e-07,250,1.2464853759526,1.200801273823,263.15
28620,2.4246681118593e-07,-2.5062317779302e-07,250,1.2464671637987,1.2007810847423,263.15
28650,2.4253258977953e-07,-2.5065661550439e-07,250,1.2464498458207,1.2007600555641,263.15
28680,2.4259591242819e-07,-2.5069050490263e-07,250,1.2464328833325,1.2007376699665,263.15
28710,2.426566904465e-07,-2.5072484562173e-07,250,1.2464160948743,1.2007138391755,263.15
28740,2.4271483203117e-07,-2.5075963787062e-07,250,1.2463987546067,1.2006881835644,263.15
28770,2.4277024209309e-07,-2.5079488230311e-07,250,1.2463812220855,1.2006623946247,263.15
28800,2.4282282208648e-07,-2.5083057995419e-07,250,1.2463633090905,1.2006381074463,263.15
28830,2.4287247416197e-07,-2.5086673210279e-07,250,1.2463445282772,1.2006127006933,263.15
28860,2.4291910597061e-07,-2.5090334024563e-07,250,1.2463247575793,1.2005845603092,263.15
28890,2.4296260751975e-07,-2.5094040602652e-07,250,1.2463050865215,1.2005565668387,263.15
28920,2.4300286455734e-07,-2.5097793109625e-07,250,1.2462873070702,1.2005290586587,263.15
28950,2.430397582646e-07,-2.5101591713639e-07,250,1.246269353306,1.2004999604026,263.15
28980,2.4307316497421e-07,-2.5105436575672e-07,250,1.2462515899248,1.2004712690383,263.15
29010,2.4310295588869e-07,-2.5109327850346e-07,250,1.2462338264402,1.2004452666016,263.15
29040,2.4314900745333e-07,-2.5113265675548e-07,250,1.2462157806544,1.2004185565501,263.15
29070,2.4320062124614e-07,-2.5117250176669e-07,250,1.2461980462325,1.2003909329377,263.15
29100,2.4325215368679e-07,-2.5121281467223e-07,250,1.2461804792769,1.2003635559703,263.15
29130,2.4330359459501e-07,-2.5125359647999e-07,250,1.2461629993435,1.200336938235,263.15
29160,2.4335493608209e-07,-2.512948480618e-07,250,1.2461453183367,1.200308238315,263.15
29190,2.4340617614128e-07,-2.5133657019543e-07,250,1.2461275571153,1.2002785443433,263.15
29220,2.4345730405387e-07,-2.5137876354349e-07,250,1.2461101531533,1.2002497859292,263.15
29250,2.4350830385196e-07,-2.5142142867594e-07,250,1.2460929699628,1.2002204966336,263.15
29280,2.4355915703202e-07,-2.5146456596887e-07,250,1.2460762536728,1.2001916212466,263.15
29310,2.4360848246066e-07,-2.5150817555535e-07,250,1.2460597391378,1.2001649276887,263.15
29340,2.4365534754254e-07,-2.5155225730863e-07,250,1.2460435401863,1.2001378773303,263.15
29370,2.436994787358e-07,-2.5159681086171e-07,250,1.2460269690711,1.2001099023129,263.15
29400,2.4374073432839e-07,-2.5164183567459e-07,250,1.2460106544495,1.2000810213721,263.15
29430,2.4377906942247e-07,-2.5168733103784e-07,250,1.2459943435697,1.2000514679912,263.15
29460,2.4381448870529e-07,-2.5173329605122e-07,250,1.245978586065,1.2000226906932,263.15
29490,2.4384702513658e-07,-2.5177972964636e-07,250,1.2459636033148,1.1999940189077,263.15
29520,2.4387672654561e-07,-2.5182663061155e-07,250,1.2459491467877,1.1999655814023,263.15
29550,2.4390364318856e-07,-2.5187399759731e-07,250,1.2459348991803,1.1999369911114,263.15
29580,2.4392782144123e-07,-2.5192182913413e-07,250,1.2459202791104,1.1999081607835,263.15
29610,2.4394929624232e-07,-2.51970123664e-07,250,1.2459053698155,1.1998780566507,263.15
29640,2.4396804567585e-07,-2.5201887949386e-07,250,1.2458901072967,1.1998461152956,263.15
29670,2.4398401383678e-07,-2.5206809484889e-07,250,1.2458743127042,1.1998134328215,263.15

